Post_Date,Sklad,Amount,PricePerUnit,Num
2024-09-23,VISTA RICA CORPORATE,270000000.0,11707.17,23062.789726295938
2024-09-24,VISTA RICA CORPORATE,565051469.72,11709.4,48256.22745144927
2024-09-25,VISTA RICA CORPORATE,565122046.0,11710.86,48256.23788517666
2024-09-26,VISTA RICA CORPORATE,615198539.01,11712.45,52525.17953203642
2024-09-27,VISTA RICA CORPORATE,635274587.01,11713.9,54232.543133371466
2024-09-28,VISTA RICA CORPORATE,635349521.01,11715.28,54232.55107944496
2024-09-29,VISTA RICA CORPORATE,635424469.08,11716.66,54232.56022450084
2024-09-30,VISTA RICA CORPORATE,647209213.38,11718.07,55231.72445462435
2024-10-01,VISTA RICA CORPORATE,647284901.11,11719.44,55231.72618401562
2024-10-02,VISTA RICA CORPORATE,647360602.89,11720.81,55231.72911172522
2024-10-03,VISTA RICA CORPORATE,897465830.17,11722.71,76557.88040222782
2024-10-04,VISTA RICA CORPORATE,910633821.63,11764.1,77407.86134340918
2024-10-05,VISTA RICA CORPORATE,910965133.99,11768.38,77407.86191387431
2024-10-06,VISTA RICA CORPORATE,911105221.77,11770.19,77407.86017642876
2024-10-07,VISTA RICA CORPORATE,913623190.65,11802.71,77407.91654204839
2024-10-08,VISTA RICA CORPORATE,913672425.98,11803.35,77407.89063952184
2024-10-09,VISTA RICA CORPORATE,923722857.36,11804.0,78255.07093866487
2024-10-10,VISTA RICA CORPORATE,923839725.0,11805.49,78255.09360475508
2024-10-11,VISTA RICA CORPORATE,923956616.69,11806.99,78255.05202342004
2024-10-12,VISTA RICA CORPORATE,924073532.43,11808.48,78255.07875950164
2024-10-13,VISTA RICA CORPORATE,924190472.24,11809.98,78255.04126509953
2024-10-14,VISTA RICA CORPORATE,924307436.1,11811.47,78255.07206977624
2024-10-15,VISTA RICA CORPORATE,974430326.47,11813.04,82487.68534348482
2024-10-16,VISTA RICA CORPORATE,974550420.59,11814.5,82487.65674298532
2024-10-17,VISTA RICA CORPORATE,1024676441.06,11816.03,86719.18072821412
2024-10-18,VISTA RICA CORPORATE,1024799665.13,11817.45,86719.18773762528
2024-10-19,VISTA RICA CORPORATE,1024922912.91,11818.87,86719.19675146608
2024-10-20,VISTA RICA CORPORATE,1025046184.44,11820.29,86719.20777239813
2024-10-21,VISTA RICA CORPORATE,1025169479.71,11821.71,86719.22079885229
2024-10-22,VISTA RICA CORPORATE,1142806669.49,11823.29,96657.24764342242
2024-10-23,VISTA RICA CORPORATE,1142937255.28,11824.64,96657.25597396622
2024-10-24,VISTA RICA CORPORATE,1193037827.35,11825.68,100885.34674961607
2024-10-25,VISTA RICA CORPORATE,1191774626.98,11813.16,100885.33694456014
2024-10-26,VISTA RICA CORPORATE,1191789338.11,11813.31,100885.30125003068
2024-10-27,VISTA RICA CORPORATE,1191804060.76,11813.45,100885.35193021513
2024-10-28,VISTA RICA CORPORATE,1189394827.2,11789.57,100885.34418133995
2024-10-29,VISTA RICA CORPORATE,1194668010.14,11772.46,101479.89546280049
2024-10-30,VISTA RICA CORPORATE,1194679992.96,11772.58,101479.87891863976
2024-10-31,VISTA RICA CORPORATE,1212256190.37,11715.13,103477.82656871925
2024-11-01,VISTA RICA CORPORATE,1219548224.02,11785.6,103477.82242906597
2024-11-02,VISTA RICA CORPORATE,1219599267.43,11786.1,103477.76341877297
2024-11-03,VISTA RICA CORPORATE,1219650320.29,11786.59,103477.79300798618
2024-11-04,VISTA RICA CORPORATE,1217703649.74,11767.78,103477.77148621065
2024-11-05,VISTA RICA CORPORATE,1283565572.08,11776.11,108997.4169806498
2024-11-06,VISTA RICA CORPORATE,1289899413.47,11834.22,108997.41710649287
2024-11-07,VISTA RICA CORPORATE,1291731893.9,11851.03,108997.4368388233
2024-11-08,VISTA RICA CORPORATE,1310158836.97,11859.09,110477.18138322586
2024-11-09,VISTA RICA CORPORATE,1310309404.36,11860.45,110477.20823071635
2024-11-10,VISTA RICA CORPORATE,1310459997.16,11861.81,110477.23721421942
2024-11-11,VISTA RICA CORPORATE,1310494044.09,11862.12,110477.22026838371
2024-11-12,VISTA RICA CORPORATE,1380897327.0,11892.93,116110.77564569874
2024-11-13,VISTA RICA CORPORATE,1381351623.61,11896.84,116110.80115476041
2024-11-14,VISTA RICA CORPORATE,1382497329.99,11906.71,116110.77535188143
2024-11-15,VISTA RICA CORPORATE,1381657631.7,11899.48,116110.75708350282
2024-11-16,VISTA RICA CORPORATE,1381788809.56,11900.61,116110.7547898805
2024-11-17,VISTA RICA CORPORATE,1381920001.6,11901.74,116110.75368811618
2024-11-18,VISTA RICA CORPORATE,1382406415.28,11905.93,116110.74609711295
2024-11-19,VISTA RICA CORPORATE,1381645254.78,11899.37,116110.79030066296
2024-11-20,VISTA RICA CORPORATE,1381122813.52,11894.87,116110.79511755907
2024-11-21,VISTA RICA CORPORATE,1382153846.82,11903.75,116110.79255024677
2024-11-22,VISTA RICA CORPORATE,1389974216.74,11928.04,116529.97615199143
2024-11-23,VISTA RICA CORPORATE,1390104385.02,11929.16,116529.94720667675
2024-11-24,VISTA RICA CORPORATE,1390234567.56,11930.27,116530.01713791891
2024-11-25,VISTA RICA CORPORATE,1411158923.51,11938.21,118205.23541720242
2024-11-26,VISTA RICA CORPORATE,1412061231.7,11945.84,118205.26908949057
2024-11-27,VISTA RICA CORPORATE,1412031459.9,11945.59,118205.2506322417
2024-11-28,VISTA RICA CORPORATE,1410888241.58,11935.92,118205.23609240008
2024-11-29,VISTA RICA CORPORATE,1410239021.07,11930.42,118205.31222454867
2024-11-30,VISTA RICA CORPORATE,1410398787.3,11931.78,118205.22900187565
2024-12-01,VISTA RICA CORPORATE,1410558581.16,11933.13,118205.24716985403
2024-12-02,VISTA RICA CORPORATE,1412368688.81,11948.44,118205.27941806627
2024-12-03,VISTA RICA CORPORATE,1413192912.09,11955.41,118205.30722827573
2024-12-04,VISTA RICA CORPORATE,1413472883.07,11957.78,118205.29254343196
2024-12-05,VISTA RICA CORPORATE,1413976223.77,11962.04,118205.27466636125
2024-12-06,VISTA RICA CORPORATE,1414183143.87,11963.79,118205.27975415815
2024-12-07,VISTA RICA CORPORATE,1414241233.13,11964.28,118205.29385220005
2024-12-08,VISTA RICA CORPORATE,1414299334.16,11964.77,118205.30893280858
2024-12-09,VISTA RICA CORPORATE,1416701727.49,11985.1,118205.2488081034
2024-12-10,VISTA RICA CORPORATE,1415822091.67,11977.66,118205.23304802441
2024-12-11,VISTA RICA CORPORATE,1418152262.76,11997.37,118205.2618832294
2024-12-12,VISTA RICA CORPORATE,1355610459.01,11988.04,113080.24155825305
2024-12-13,VISTA RICA CORPORATE,1354674830.11,11979.77,113080.20355232194
2024-12-14,VISTA RICA CORPORATE,1354781039.46,11980.71,113080.19637066586
2024-12-15,VISTA RICA CORPORATE,1354887257.92,11981.65,113080.18995046594
2024-12-16,VISTA RICA CORPORATE,1351660133.3,11953.11,113080.20534404853
2024-12-17,VISTA RICA CORPORATE,1471099183.94,11948.15,123123.595195909
2024-12-18,VISTA RICA CORPORATE,1497400918.75,11924.26,125576.00377298046
2024-12-19,VISTA RICA CORPORATE,1497528886.0,11925.28,125575.99368735995
2024-12-20,VISTA RICA CORPORATE,1510264016.91,12026.69,125576.03271639995
2024-12-21,VISTA RICA CORPORATE,1510441296.0,12028.11,125575.94634568522
2024-12-22,VISTA RICA CORPORATE,1510619020.2,12029.52,125576.00138658899
2024-12-23,VISTA RICA CORPORATE,1510255246.15,12026.62,125576.03434298249
2024-12-24,VISTA RICA CORPORATE,1544567727.59,12060.97,128063.30897017404
2024-12-25,VISTA RICA CORPORATE,1544397221.98,12059.63,128063.40011924082
2024-12-26,VISTA RICA CORPORATE,1743866356.44,12055.49,144653.29542308112
2024-12-27,VISTA RICA CORPORATE,1740913843.05,12035.08,144653.28382112956
2024-12-28,VISTA RICA CORPORATE,1741040629.84,12035.95,144653.3617903032
2024-12-29,VISTA RICA CORPORATE,1741167864.53,12036.83,144653.3567833059
2024-12-30,VISTA RICA CORPORATE,1744698668.02,12026.68,145069.01888301675
2024-12-31,VISTA RICA CORPORATE,1871543090.78,12033.53,155527.3548809036
2025-01-01,VISTA RICA CORPORATE,1871678433.83,12034.4,155527.3577270159
2025-01-02,VISTA RICA CORPORATE,1872202253.32,12037.77,155527.3321653429
2025-01-03,VISTA RICA CORPORATE,1879780455.03,12086.49,155527.40746320892
2025-01-04,VISTA RICA CORPORATE,1879916028.65,12087.36,155527.42936836497
2025-01-05,VISTA RICA CORPORATE,1880051169.79,12088.23,155527.41549341797
2025-01-06,VISTA RICA CORPORATE,1884014270.15,12113.71,155527.4371063861
2025-01-07,VISTA RICA CORPORATE,1878805189.79,12080.22,155527.39849025928
2025-01-08,VISTA RICA CORPORATE,1873321968.58,12044.96,155527.4545187365
2025-01-09,VISTA RICA CORPORATE,1876549728.86,12065.72,155527.37249496923
2025-01-10,VISTA RICA CORPORATE,1872403263.99,12039.06,155527.36376344998
2025-01-11,VISTA RICA CORPORATE,1872835487.05,12041.84,155527.3518872531
2025-01-12,VISTA RICA CORPORATE,1872993610.12,12042.85,155527.43828246635
2025-01-13,VISTA RICA CORPORATE,1873473388.03,12045.94,155527.37171445315
2025-01-14,VISTA RICA CORPORATE,1876268156.49,12012.47,156193.3687651249
2025-01-15,VISTA RICA CORPORATE,1881397611.1,12045.31,156193.3741099233
2025-01-16,VISTA RICA CORPORATE,1821700669.54,12047.7,151207.33995202402
2025-01-17,VISTA RICA CORPORATE,1835970236.9,12062.71,152202.13674207538
2025-01-18,VISTA RICA CORPORATE,1836122674.89,12063.71,152202.15629271595
2025-01-19,VISTA RICA CORPORATE,1836275133.22,12064.72,152202.05137127097
2025-01-20,VISTA RICA CORPORATE,1836773724.06,12067.99,152202.12513102844
2025-01-21,VISTA RICA CORPORATE,1836569419.57,12066.65,152202.09582361302
2025-01-22,VISTA RICA CORPORATE,1838379978.1,12078.55,152202.04230640267
2025-01-23,VISTA RICA CORPORATE,1840040124.12,12089.45,152202.1369144171
2025-01-24,VISTA RICA CORPORATE,1839852131.17,12088.22,152202.07203128337
2025-01-25,VISTA RICA CORPORATE,1840036440.93,12089.43,152202.0840461461
2025-01-26,VISTA RICA CORPORATE,1840220785.77,12090.64,152202.09896002198
2025-01-27,VISTA RICA CORPORATE,1842466672.15,12105.4,152202.04802402234
2025-01-28,VISTA RICA CORPORATE,1846207890.84,12129.98,152202.05563735473
2025-01-29,VISTA RICA CORPORATE,1846198740.25,12129.92,152202.0541149488
2025-01-30,VISTA RICA CORPORATE,1847352491.85,12137.5,152202.05906076208
2025-01-31,VISTA RICA CORPORATE,1845863654.88,12127.71,152202.15975480946
2025-02-01,VISTA RICA CORPORATE,1846047885.93,12128.93,152202.03974546806
2025-02-02,VISTA RICA CORPORATE,1846232152.12,12130.14,152202.04813134886
2025-02-03,VISTA RICA CORPORATE,1849603452.77,12152.29,152202.05021193536
2025-02-04,VISTA RICA CORPORATE,1849569445.07,12152.06,152202.13240142
2025-02-05,VISTA RICA CORPORATE,1847466282.8,12138.24,152202.1547440156
2025-02-06,VISTA RICA CORPORATE,1848442089.36,12144.66,152202.04512600598
2025-02-07,VISTA RICA CORPORATE,1846378464.68,12131.1,152202.0645019825
2025-02-08,VISTA RICA CORPORATE,1846562270.8,12132.3,152202.1604147606
2025-02-09,VISTA RICA CORPORATE,1846746112.07,12133.51,152202.13376590944
2025-02-10,VISTA RICA CORPORATE,1853678089.33,12179.06,152202.06562164897
2025-02-11,VISTA RICA CORPORATE,1855897188.99,12193.64,152202.06509213
2025-02-12,VISTA RICA CORPORATE,1852846667.51,12173.59,152202.1579098688
2025-02-13,VISTA RICA CORPORATE,1851512823.42,12164.83,152202.1124356033
2025-02-14,VISTA RICA CORPORATE,1851455689.19,12164.46,152202.0450714623
2025-02-15,VISTA RICA CORPORATE,1851639529.17,12165.66,152202.14350639423
2025-02-16,VISTA RICA CORPORATE,1851823404.35,12166.87,152202.11971936905
2025-02-17,VISTA RICA CORPORATE,1852370295.45,12170.46,152202.15961023662
2025-02-18,VISTA RICA CORPORATE,1853051786.9,12174.94,152202.12887291436
2025-02-19,VISTA RICA CORPORATE,1854087713.58,12181.75,152202.0820965789
2025-02-20,VISTA RICA CORPORATE,1854672393.8,12185.59,152202.10049739075
2025-02-21,VISTA RICA CORPORATE,1851058490.74,12161.85,152202.04909121557
2025-02-22,VISTA RICA CORPORATE,1851242011.16,12163.05,152202.12127385812
2025-02-23,VISTA RICA CORPORATE,1851425111.97,12164.25,152202.1589469141
2025-02-24,VISTA RICA CORPORATE,1850483263.3,12158.07,152202.0570123383
2025-02-25,VISTA RICA CORPORATE,1852404410.2,12170.69,152202.08634021573
2025-02-26,VISTA RICA CORPORATE,1853292616.23,12176.52,152202.15761399808
2025-02-27,VISTA RICA CORPORATE,1850111065.81,12155.62,152202.11439729112
2025-02-28,VISTA RICA CORPORATE,1856020875.29,12194.45,152202.0981093858
2025-03-01,VISTA RICA CORPORATE,1856204902.41,12195.66,152202.08684154856
2025-03-02,VISTA RICA CORPORATE,1856388964.67,12196.87,152202.07845701397
2025-03-03,VISTA RICA CORPORATE,1851821092.06,12166.86,152202.05476680095
2025-03-04,VISTA RICA CORPORATE,1829622230.34,12153.07,150548.15205869792
2025-03-05,VISTA RICA CORPORATE,1828249974.98,12143.95,150548.2133062142
2025-03-06,VISTA RICA CORPORATE,1816339941.29,12064.84,150548.19966862386
2025-03-07,VISTA RICA CORPORATE,1816631181.95,12066.78,150548.1314774944
2025-03-08,VISTA RICA CORPORATE,1816813580.43,12067.99,150548.1509704599
2025-03-09,VISTA RICA CORPORATE,1816996014.21,12069.2,150548.1733843171
2025-03-10,VISTA RICA CORPORATE,1808785388.75,12014.66,150548.19601636668
2025-03-11,VISTA RICA CORPORATE,1809229154.59,12017.61,150548.16678108208
2025-03-12,VISTA RICA CORPORATE,1809361273.39,12018.49,150548.13652879855
2025-03-13,VISTA RICA CORPORATE,1804039667.9,11983.14,150548.15915527986
2025-03-14,VISTA RICA CORPORATE,1811234427.16,12030.93,150548.1643696705
2025-03-15,VISTA RICA CORPORATE,1811417166.4,12032.14,150548.21223822198
2025-03-16,VISTA RICA CORPORATE,1811599940.91,12033.36,150548.13791908495
2025-03-17,VISTA RICA CORPORATE,1811033447.6,12029.6,150548.10198177828
2025-03-18,VISTA RICA CORPORATE,1807006922.85,12002.85,150548.15505067544
2025-03-19,VISTA RICA CORPORATE,1808258297.44,12011.16,150548.18164440405
2025-03-20,VISTA RICA CORPORATE,1809601891.33,12020.09,150548.11497501266
2025-03-21,VISTA RICA CORPORATE,1812676623.82,12040.51,150548.15982213378
2025-03-22,VISTA RICA CORPORATE,1812776994.77,12041.18,150548.11860382455
2025-03-23,VISTA RICA CORPORATE,1812877387.57,12041.84,150548.204225434
2025-03-24,VISTA RICA CORPORATE,1764608411.57,12055.85,146369.47304171833
2025-03-25,VISTA RICA CORPORATE,1767367564.51,12074.7,146369.48036058867
2025-03-26,VISTA RICA CORPORATE,1763685187.81,12049.54,146369.50355034298
2025-03-27,VISTA RICA CORPORATE,1762022128.97,12038.18,146369.4785233316
2025-03-28,VISTA RICA CORPORATE,1753877266.6,11982.54,146369.40636960109
2025-03-29,VISTA RICA CORPORATE,1754034106.51,11983.61,146369.4251156371
2025-03-30,VISTA RICA CORPORATE,1754190956.49,11984.68,146369.44469856517
2025-03-31,VISTA RICA CORPORATE,1773157067.15,11977.62,148039.18200360338
2025-04-01,VISTA RICA CORPORATE,1780067069.84,12024.29,148039.2663383867
2025-04-02,VISTA RICA CORPORATE,1735837671.24,12070.64,143806.59776449302
2025-04-03,VISTA RICA CORPORATE,1462411550.93,11939.95,122480.54229121562
2025-04-04,VISTA RICA CORPORATE,1463047264.53,11741.03,124609.78845382389
2025-04-05,VISTA RICA CORPORATE,1463202880.36,11742.28,124609.7759855837
2025-04-06,VISTA RICA CORPORATE,1463358001.23,11743.52,124609.82748187937
2025-04-07,VISTA RICA CORPORATE,1463725951.78,11746.48,124609.75132805743
2025-04-08,VISTA RICA CORPORATE,1460148100.7,11717.76,124609.83163164291
2025-04-09,VISTA RICA CORPORATE,1503354111.21,11823.74,127147.08807957551
2025-04-10,VISTA RICA CORPORATE,1506214406.07,11846.24,127147.04463779223
2025-04-11,VISTA RICA CORPORATE,1488664661.02,11700.35,127232.48971355557
2025-04-12,VISTA RICA CORPORATE,1488452584.05,11698.68,127232.52401552995
2025-04-13,VISTA RICA CORPORATE,1488547006.74,11699.42,127232.54714678164
2025-04-14,VISTA RICA CORPORATE,1490849035.24,11717.51,127232.58057727282
2025-04-15,VISTA RICA CORPORATE,1490696215.45,11716.31,127232.56856894365
2025-04-16,VISTA RICA CORPORATE,1486425382.36,11682.75,127232.49083991355
2025-04-17,VISTA RICA CORPORATE,1483994653.65,11663.64,127232.54949998458
2025-04-18,VISTA RICA CORPORATE,1486951957.01,11686.89,127232.47647663322
2025-04-19,VISTA RICA CORPORATE,1487045283.08,11687.62,127232.51466765687
2025-04-20,VISTA RICA CORPORATE,1487138608.88,11688.35,127232.55283081018
2025-04-21,VISTA RICA CORPORATE,1481784396.05,11646.27,127232.52990442433
2025-04-22,VISTA RICA CORPORATE,1475070751.66,11593.5,127232.56580497694
2025-04-23,VISTA RICA CORPORATE,1491769640.55,11724.75,127232.53293673639
2025-04-24,VISTA RICA CORPORATE,1451005588.95,11799.32,122973.6619525532
2025-04-25,VISTA RICA CORPORATE,1454876717.34,11830.8,122973.65498022112
2025-04-26,VISTA RICA CORPORATE,1454980230.69,11831.64,122973.67319238924
2025-04-27,VISTA RICA CORPORATE,1454779764.47,11830.01,122973.67157508743
2025-04-28,VISTA RICA CORPORATE,1454015773.63,11823.79,122973.74814928208
2025-04-29,VISTA RICA CORPORATE,1454332198.42,11826.37,122973.67648906638
2025-04-30,VISTA RICA CORPORATE,1455716044.9,11837.62,122973.70965616399
2025-05-01,VISTA RICA CORPORATE,1462323603.16,11891.35,122973.72486387164
2025-05-02,VISTA RICA CORPORATE,1466731155.39,11927.19,122973.7394465922
2025-05-03,VISTA RICA CORPORATE,1466530303.95,11925.56,122973.70554925724
2025-05-04,VISTA RICA CORPORATE,1466633455.82,11926.4,122973.69330393078
2025-05-05,VISTA RICA CORPORATE,1467779912.23,11935.72,122973.72192293385
2025-05-06,VISTA RICA CORPORATE,1466586295.78,11926.02,122973.65724525029
2025-05-07,VISTA RICA CORPORATE,1470024414.97,11913.32,123393.34584901607
2025-05-08,VISTA RICA CORPORATE,1474923113.15,11953.01,123393.44760441095
2025-05-09,VISTA RICA CORPORATE,1479446250.72,11989.67,123393.40871933923
2025-05-10,VISTA RICA CORPORATE,1479547249.8,11990.49,123393.39341428081
2025-05-11,VISTA RICA CORPORATE,1479648250.56,11991.31,123393.37825141707
2025-05-12,VISTA RICA CORPORATE,1491023102.17,12083.49,123393.41549254397
2025-05-13,VISTA RICA CORPORATE,1498966503.5,12147.87,123393.3606056041
2025-05-14,VISTA RICA CORPORATE,1495711736.47,12121.49,123393.38946532151
2025-05-15,VISTA RICA CORPORATE,1494108387.14,12108.5,123393.350715613
2025-05-16,VISTA RICA CORPORATE,1495661662.72,12121.08,123393.43216281058
2025-05-17,VISTA RICA CORPORATE,1495782638.85,12122.06,123393.43633425342
2025-05-18,VISTA RICA CORPORATE,1496206746.05,12125.5,123393.40613170591
2025-05-19,VISTA RICA CORPORATE,1496391347.91,12127.0,123393.3658703719
2025-05-20,VISTA RICA CORPORATE,1492041120.19,12091.74,123393.417340267
2025-05-21,VISTA RICA CORPORATE,1486846916.32,12049.65,123393.36962650367
2025-05-22,VISTA RICA CORPORATE,1487230292.95,12052.75,123393.44074588787
2025-05-23,VISTA RICA CORPORATE,1491433020.12,12046.29,123808.49374537719
2025-05-24,VISTA RICA CORPORATE,1491194115.52,12044.36,123808.49754739978
2025-05-25,VISTA RICA CORPORATE,1491286810.66,12045.11,123808.48416162243
2025-05-26,VISTA RICA CORPORATE,1484804140.16,11992.75,123808.47930291218
2025-05-27,VISTA RICA CORPORATE,1491986605.87,12050.76,123808.5071705021
2025-05-28,VISTA RICA CORPORATE,1508291164.47,12087.76,124778.38445419168
2025-05-29,VISTA RICA CORPORATE,1462297736.97,12121.88,120632.91642632992
2025-05-30,VISTA RICA CORPORATE,1456279285.8,12071.99,120632.91021612841
2025-05-31,VISTA RICA CORPORATE,1455220005.11,12063.21,120632.89995863456
2025-06-01,VISTA RICA CORPORATE,1454960899.77,12061.06,120632.92113379753
2025-06-02,VISTA RICA CORPORATE,1452094714.47,12037.3,120632.92552898076
2025-06-03,VISTA RICA CORPORATE,1450903475.64,12027.43,120632.87632021139
2025-06-04,VISTA RICA CORPORATE,1455378976.04,12064.53,120632.87803503327
2025-06-05,VISTA RICA CORPORATE,1454241562.41,12055.1,120632.8908437093
2025-06-06,VISTA RICA CORPORATE,1455584392.58,12066.23,120632.90626649749
2025-06-07,VISTA RICA CORPORATE,1455649755.19,12066.77,120632.92456804927
2025-06-08,VISTA RICA CORPORATE,1455743767.51,12067.55,120632.91782590501
2025-06-09,VISTA RICA CORPORATE,1459699094.12,12100.34,120632.89908548023
2025-06-10,VISTA RICA CORPORATE,1462258481.1,12121.56,120632.86252759545
2025-06-11,VISTA RICA CORPORATE,1460531617.61,12107.24,120632.9120104995
2025-06-12,VISTA RICA CORPORATE,1458293146.32,12067.96,120840.07125645097
2025-06-13,VISTA RICA CORPORATE,1454919348.87,12040.04,120840.07601885042
2025-06-14,VISTA RICA CORPORATE,1454983900.64,12040.57,120840.11808743275
2025-06-15,VISTA RICA CORPORATE,1454750920.57,12038.65,120840.03775921719
2025-06-16,VISTA RICA CORPORATE,1456468157.74,12052.86,120840.04607537131
2025-06-17,VISTA RICA CORPORATE,1453866164.02,12031.32,120840.12095264693
2025-06-18,VISTA RICA CORPORATE,1456287060.91,12051.36,120840.05962065692
2025-06-19,VISTA RICA CORPORATE,1456039647.27,12049.31,120840.08522230735
2025-06-20,VISTA RICA CORPORATE,1454626029.07,12037.61,120840.10273384833
2025-06-21,VISTA RICA CORPORATE,1454720965.07,12038.4,120840.05890068447
2025-06-22,VISTA RICA CORPORATE,1454816450.67,12039.19,120840.06072418494
2025-06-23,VISTA RICA CORPORATE,1457489010.05,12061.31,120840.02567299904
2025-06-24,VISTA RICA CORPORATE,1453641582.92,12029.47,120840.03558926538
2025-06-25,VISTA RICA CORPORATE,1452697907.08,12021.66,120840.04264635665
2025-06-26,VISTA RICA CORPORATE,1451748243.16,12013.8,120840.05420100219
2025-06-27,VISTA RICA CORPORATE,1451752559.56,12013.83,120840.11173455925
2025-06-28,VISTA RICA CORPORATE,1451818445.85,12014.38,120840.0638110331
2025-06-29,VISTA RICA CORPORATE,1451913231.76,12015.16,120840.10797692249
2025-06-30,VISTA RICA CORPORATE,1401734891.94,11997.75,116833.1472101019
2025-07-01,VISTA RICA CORPORATE,1399326734.21,11977.14,116833.12829356593
2025-07-02,VISTA RICA CORPORATE,1373147701.56,11968.99,114725.44480027136
2025-07-03,VISTA RICA CORPORATE,1374600194.08,11981.65,114725.45050806859
2025-07-04,VISTA RICA CORPORATE,1374882682.82,11984.11,114725.4725482326
2025-07-05,VISTA RICA CORPORATE,1374934575.63,11984.56,114725.49477244055
2025-07-06,VISTA RICA CORPORATE,1374986967.71,11985.02,114725.46292872269
2025-07-07,VISTA RICA CORPORATE,1375494841.54,11989.45,114725.4329047621
2025-07-08,VISTA RICA CORPORATE,1376563789.88,11998.76,114725.5041254263
2025-07-09,VISTA RICA CORPORATE,1378428002.34,12015.01,114725.49771827072
2025-07-10,VISTA RICA CORPORATE,1377816206.23,12009.68,114725.4719717761
2025-07-11,VISTA RICA CORPORATE,1379985124.42,12028.58,114725.52241577976
2025-07-12,VISTA RICA CORPORATE,1380042498.51,12029.08,114725.5233575635
2025-07-13,VISTA RICA CORPORATE,1380099821.62,12029.58,114725.52006138202
2025-07-14,VISTA RICA CORPORATE,1379349957.14,12023.05,114725.46127147439
2025-07-15,VISTA RICA CORPORATE,1378716461.21,12017.53,114725.44368185475
2025-07-16,VISTA RICA CORPORATE,1480177554.7,12030.26,123037.86906517399
2025-07-17,VISTA RICA CORPORATE,1480627971.28,12033.92,123037.87720709461
2025-07-18,VISTA RICA CORPORATE,1481394364.96,12040.15,123037.86621927469
2025-07-19,VISTA RICA CORPORATE,1481511260.48,12041.1,123037.86701215005
2025-07-20,VISTA RICA CORPORATE,1481628214.49,12042.05,123037.87266204675
2025-07-21,VISTA RICA CORPORATE,1481724228.11,12042.83,123037.87632225979
2025-07-22,VISTA RICA CORPORATE,1479547820.42,12025.14,123037.88732771511
2025-07-23,VISTA RICA CORPORATE,1479477135.92,12024.57,123037.8413465097
2025-07-24,VISTA RICA CORPORATE,1479162534.83,12022.01,123037.87260449791
2025-07-25,VISTA RICA CORPORATE,1480570147.59,12033.45,123037.87754883262
2025-07-26,VISTA RICA CORPORATE,1480654387.72,12034.14,123037.82303679366
2025-07-27,VISTA RICA CORPORATE,1480738086.88,12034.82,123037.82581542559
2025-07-28,VISTA RICA CORPORATE,1480788075.05,12035.22,123037.89004687908
2025-07-29,VISTA RICA CORPORATE,1556074460.24,12647.12,123037.85053356021
2025-07-30,VISTA RICA CORPORATE,1555018778.91,12638.54,123037.84922229941
2025-07-31,VISTA RICA CORPORATE,1555465897.19,12642.17,123037.8880516557
2025-08-01,VISTA RICA CORPORATE,1552262761.61,12616.14,123037.8516416273
2025-08-02,VISTA RICA CORPORATE,1547909235.02,12580.76,123037.81607947373
2025-08-03,VISTA RICA CORPORATE,1548449803.51,12585.15,123037.85044357835
2025-08-04,VISTA RICA CORPORATE,1544875693.57,12556.1,123037.86156290567
2025-08-05,VISTA RICA CORPORATE,1542381951.41,12535.83,123037.8803326146
2025-08-06,VISTA RICA CORPORATE,1542423305.18,12536.17,123037.84211445761
2025-08-07,VISTA RICA CORPORATE,1545825096.09,12563.82,123037.82576397942
2025-08-08,VISTA RICA CORPORATE,1544493289.03,12552.99,123037.88093752963
2025-08-09,VISTA RICA CORPORATE,1543103907.3,12541.7,123037.85828874873
2025-08-10,VISTA RICA CORPORATE,1541241702.35,12526.57,123037.80702538684
2025-08-11,VISTA RICA CORPORATE,1538588889.94,12505.0,123037.89603678529
2025-08-12,VISTA RICA CORPORATE,1539511805.86,12512.51,123037.80823032308
2025-08-13,VISTA RICA CORPORATE,1539918856.07,12515.81,123037.89016212295
2025-08-14,VISTA RICA CORPORATE,1539147312.59,12509.54,123037.88249527958
2025-08-15,VISTA RICA CORPORATE,1541065022.91,12525.13,123037.84654610373
2025-08-16,VISTA RICA CORPORATE,1540178822.69,12517.93,123037.82036566749
2025-08-17,VISTA RICA CORPORATE,1539294934.5,12510.74,123037.88061297733
2025-08-18,VISTA RICA CORPORATE,1537846693.12,12498.97,123037.87377039868
2025-08-19,VISTA RICA CORPORATE,1540002581.9,12516.49,123037.8949609675
2025-08-20,VISTA RICA CORPORATE,1539896489.4,12515.63,123037.87259610585
2025-08-21,VISTA RICA CORPORATE,1537967365.73,12499.95,123037.88140992563
2025-08-22,VISTA RICA CORPORATE,1541851031.3,12531.52,123037.83031108756
2025-08-23,VISTA RICA CORPORATE,1543773614.9,12547.14,123037.88870611152
2025-08-24,VISTA RICA CORPORATE,1545233918.32,12559.01,123037.87625935483
2025-08-25,VISTA RICA CORPORATE,1641832012.58,12531.36,131017.86339072534
2025-08-26,VISTA RICA CORPORATE,1643438714.26,12543.63,131017.7926373785
2025-08-27,VISTA RICA CORPORATE,1645961468.56,12562.88,131017.84531572378
2025-08-28,VISTA RICA CORPORATE,1646918453.11,12570.19,131017.78518144912
2025-08-29,VISTA RICA CORPORATE,1646586873.98,12567.66,131017.77689561939
2025-08-30,VISTA RICA CORPORATE,1646658438.65,12568.2,131017.84174742605
2025-08-31,VISTA RICA CORPORATE,1646134613.0,12564.2,131017.8613043409
2025-09-01,VISTA RICA CORPORATE,1644771289.33,12553.8,131017.80252433526
2025-09-02,VISTA RICA CORPORATE,1644684450.69,12553.14,131017.77329735828
2025-09-03,VISTA RICA CORPORATE,1646343142.88,12565.8,131017.77386875488
2025-09-04,VISTA RICA CORPORATE,1646890332.68,12569.97,131017.84114679671
2025-09-05,VISTA RICA CORPORATE,1646560788.53,12567.46,131017.78629333214
2025-09-06,VISTA RICA CORPORATE,1646636409.49,12568.03,131017.86115166816
2025-09-07,VISTA RICA CORPORATE,1646243778.61,12565.04,131017.79052116028
2025-09-08,VISTA RICA CORPORATE,1645484531.37,12559.24,131017.84274924279
2025-09-09,VISTA RICA CORPORATE,1643358891.1,12543.02,131017.80042605368
2025-09-10,VISTA RICA CORPORATE,1650874698.29,12546.95,131575.777243872
2025-09-11,VISTA RICA CORPORATE,1651050006.81,12548.29,131575.69731094834
2025-09-12,VISTA RICA CORPORATE,1652475031.32,12559.12,131575.70206511283
2025-09-13,VISTA RICA CORPORATE,1653954981.37,12570.37,131575.68006112784
2025-09-14,VISTA RICA CORPORATE,1655287045.42,12580.49,131575.7212493313
2025-09-15,VISTA RICA CORPORATE,1856949575.04,12593.12,147457.46685809392
2025-09-16,VISTA RICA CORPORATE,1850147895.38,12547.0,147457.39183709255
2025-09-17,VISTA RICA CORPORATE,1843990993.92,12505.24,147457.46534412776
2025-09-18,VISTA RICA CORPORATE,1851707875.31,12557.58,147457.38233879456
2025-09-19,VISTA RICA CORPORATE,2440692012.04,12578.53,194036.34701670226
2025-09-20,VISTA RICA CORPORATE,2442649755.67,12588.62,194036.34041459666
2025-09-21,VISTA RICA CORPORATE,2444464800.47,12597.98,194036.25029330098
2025-09-22,VISTA RICA CORPORATE,2448232548.55,12617.4,194036.21574571624
2025-09-23,VISTA RICA CORPORATE,2450290617.66,12628.0,194036.31752138105
2025-09-24,VISTA RICA CORPORATE,2453235460.69,12643.18,194036.26782897973
2025-09-25,VISTA RICA CORPORATE,2458822559.94,12648.78,194392.07259040003
2025-09-26,VISTA RICA CORPORATE,2464453906.71,12677.75,194392.05747944233
2025-09-27,VISTA RICA CORPORATE,2465353359.23,12682.38,194392.0115333242
2025-09-28,VISTA RICA CORPORATE,2464965725.57,12680.38,194392.1022532448
2025-09-29,VISTA RICA CORPORATE,2535834188.4,12674.56,200072.7590070188
2025-09-30,VISTA RICA CORPORATE,2538069862.27,12685.74,200072.6691757832
2025-10-01,VISTA RICA CORPORATE,2555963866.76,12775.17,200072.7870361021
2025-10-02,VISTA RICA CORPORATE,2563438245.84,12812.53,200072.76048056083
2025-10-03,VISTA RICA CORPORATE,2565953550.87,12825.1,200072.79092326763
2025-10-04,VISTA RICA CORPORATE,2566581579.31,12828.24,200072.7753230373
2025-10-05,VISTA RICA CORPORATE,2566699174.06,12828.83,200072.74038708129
2025-10-06,VISTA RICA CORPORATE,2569025529.12,12840.46,200072.70215553025
2025-10-07,VISTA RICA CORPORATE,2569590581.64,12843.28,200072.7681433403
2025-10-08,VISTA RICA CORPORATE,2573783827.41,12864.24,200072.74642030933
2025-10-09,VISTA RICA CORPORATE,2551229030.79,12861.78,198357.38372060476
2025-10-10,VISTA RICA CORPORATE,2549633799.15,12853.73,198357.5039424354
2025-10-11,VISTA RICA CORPORATE,2549731989.44,12854.23,198357.42704463823
2025-10-12,VISTA RICA CORPORATE,2550166076.84,12856.42,198357.40251485253
2025-10-13,VISTA RICA CORPORATE,2552608556.99,12856.92,198539.6624533714
2025-10-14,VISTA RICA CORPORATE,2552868494.35,12858.23,198539.65081896965
2025-10-15,VISTA RICA CORPORATE,2551615462.72,12851.92,198539.63164414343
2025-10-16,VISTA RICA CORPORATE,2550694718.5,12844.76,198578.62027005563
2025-10-17,VISTA RICA CORPORATE,2545039589.63,12816.28,198578.6507184612
2025-10-18,VISTA RICA CORPORATE,2544092349.96,12811.51,198578.64919591835
2025-10-19,VISTA RICA CORPORATE,2543698473.61,12809.53,198578.59528101343
2025-10-20,VISTA RICA CORPORATE,2542542601.83,12832.27,198136.61977420986
2025-10-21,VISTA RICA CORPORATE,2544634824.1,12842.83,198136.61195390736
2025-10-22,VISTA RICA CORPORATE,2543776244.67,12836.48,198167.74105284316
2025-10-23,VISTA RICA CORPORATE,2544226173.92,12838.75,198167.74794430923
2025-10-24,VISTA RICA CORPORATE,2662162998.43,12842.29,207296.59573409412
2025-10-25,VISTA RICA CORPORATE,2662264978.1,12842.78,207296.62721778304
2025-10-26,VISTA RICA CORPORATE,2662875318.95,12845.73,207296.53503148517
2025-10-27,VISTA RICA CORPORATE,2662634743.07,12844.57,207296.5263196822
2025-10-28,VISTA RICA CORPORATE,2662525270.97,12844.04,207296.55707783528
2025-10-29,VISTA RICA CORPORATE,2722435424.44,12843.6,211968.25068049456
2025-10-30,VISTA RICA CORPORATE,2720765523.46,12835.73,211968.11739262202
2025-10-31,VISTA RICA CORPORATE,2725476453.7,12857.95,211968.19506219885
2025-11-01,VISTA RICA CORPORATE,2726832659.21,12864.35,211968.1646729139
2025-11-02,VISTA RICA CORPORATE,2726471773.17,12862.65,211968.12267845275
2025-11-03,VISTA RICA CORPORATE,2727314327.37,12866.62,211968.20356628235
2025-11-04,VISTA RICA CORPORATE,2726154128.95,12861.15,211968.1466237467
2025-11-05,VISTA RICA CORPORATE,2737090626.16,12875.0,212589.5631968932
2025-11-06,VISTA RICA CORPORATE,2882919243.56,12855.38,224257.80051309257
2025-11-07,VISTA RICA CORPORATE,2882482803.26,12853.43,224257.86760887952
2025-11-08,VISTA RICA CORPORATE,2881649834.4,12849.72,224257.7919518869
2025-11-09,VISTA RICA CORPORATE,2882256260.91,12852.42,224257.864348504
2025-11-10,VISTA RICA CORPORATE,2884696394.49,12863.3,224257.88051977332
2025-11-11,VISTA RICA CORPORATE,2888599439.99,12880.71,224257.78082031192
2025-11-12,VISTA RICA CORPORATE,2889865603.24,12886.35,224257.88553314164
2025-11-13,VISTA RICA CORPORATE,2887906172.0,12877.17,224265.5934494924
2025-11-14,VISTA RICA CORPORATE,2888631404.53,12861.68,224592.07541549782
2025-11-15,VISTA RICA CORPORATE,2888534445.92,12861.25,224592.04555700262
2025-11-16,VISTA RICA CORPORATE,2887713533.34,12857.59,224592.13066678905
2025-11-17,VISTA RICA CORPORATE,2887961512.88,12855.62,224645.83683089574
2025-11-18,VISTA RICA CORPORATE,2888007403.45,12849.59,224754.829021782
2025-11-19,VISTA RICA CORPORATE,2889479920.43,12856.15,224754.68320064715
2025-11-20,VISTA RICA CORPORATE,2889645596.33,12856.88,224754.8080350754
2025-11-21,VISTA RICA CORPORATE,2889826368.46,12857.69,224754.70854095876
2025-11-22,VISTA RICA CORPORATE,2890465065.27,12860.53,224754.7391336127
2025-11-23,VISTA RICA CORPORATE,2890612933.1,12861.19,224754.70256640326
2025-11-24,VISTA RICA CORPORATE,2890433197.54,12860.39,224754.70786966803
2025-11-25,VISTA RICA CORPORATE,2895756524.49,12884.07,224754.79599924557
2025-11-26,VISTA RICA CORPORATE,2950703692.42,12892.74,228865.52373040954
2025-11-27,VISTA RICA CORPORATE,2957787021.54,12923.69,228865.51917757234
2025-11-28,VISTA RICA CORPORATE,2963002038.91,12946.47,228865.63201474998
2025-11-29,VISTA RICA CORPORATE,2963176832.65,12947.24,228865.52135049633
2025-11-30,VISTA RICA CORPORATE,2963087739.43,12946.85,228865.53404341594
2025-12-01,VISTA RICA CORPORATE,2956736229.51,12919.09,228865.6731635123
2025-12-02,VISTA RICA CORPORATE,2953753971.55,12906.06,228865.66245236737
2025-12-03,VISTA RICA CORPORATE,2950393501.23,12891.38,228865.60641529458
2025-12-04,VISTA RICA CORPORATE,2950289820.41,12890.93,228865.55278866613
2025-12-05,VISTA RICA CORPORATE,2950579713.52,12892.19,228865.6708844657
2025-12-06,VISTA RICA CORPORATE,2950718055.92,12892.8,228865.572716555
2025-12-07,VISTA RICA CORPORATE,2950564952.47,12892.13,228865.59105981712
2025-12-08,VISTA RICA CORPORATE,2949528410.87,12887.6,228865.6080938266
2025-12-09,VISTA RICA CORPORATE,2950736240.88,12892.88,228865.5630766749
2025-12-10,VISTA RICA CORPORATE,2948763503.9,12884.26,228865.5696097409
2025-12-11,VISTA RICA CORPORATE,2954477961.29,12905.51,228931.51539846158
2025-12-12,VISTA RICA CORPORATE,2952524064.33,12893.48,228993.57383189021
2025-12-13,VISTA RICA CORPORATE,2953476518.56,12897.64,228993.56150117386
2025-12-14,VISTA RICA CORPORATE,2953633051.79,12898.33,228993.44735248672
2025-12-15,VISTA RICA CORPORATE,2949019908.4,12877.31,229009.0017558015
2025-12-16,VISTA RICA CORPORATE,2947852520.71,12872.21,229009.04512201092
2025-12-17,VISTA RICA CORPORATE,3006938074.34,13130.22,229008.96362284868
2025-12-18,VISTA RICA CORPORATE,3004240823.1,13116.69,229039.5536602603
2025-12-19,VISTA RICA CORPORATE,3005793007.36,13123.47,229039.50002247884
2025-12-20,VISTA RICA CORPORATE,3006203911.52,13125.26,229039.5703795582
2025-12-21,VISTA RICA CORPORATE,3006325162.68,13125.79,229039.5597278335
2025-12-22,VISTA RICA CORPORATE,3027380039.39,13130.4,230562.6667420642
2025-12-23,VISTA RICA CORPORATE,3032802963.05,13153.92,230562.6735642303
2025-12-24,VISTA RICA CORPORATE,3085220942.85,13164.4,234360.92361596428
2025-12-25,VISTA RICA CORPORATE,3089320158.21,13181.9,234360.7642456702
2025-12-26,VISTA RICA CORPORATE,3093627568.71,13200.28,234360.7536135597
2025-12-27,VISTA RICA CORPORATE,3094484831.53,13203.93,234360.8934256695
2025-12-28,VISTA RICA CORPORATE,3095402303.18,13207.85,234360.80082526678
2025-12-29,VISTA RICA CORPORATE,3096408335.97,13212.14,234360.84812679852
2025-12-30,VISTA RICA CORPORATE,3077866247.54,13133.02,234360.8893872087
2025-12-31,VISTA RICA CORPORATE,3157668865.0,13088.23,241260.1906445715
2026-01-01,VISTA RICA CORPORATE,3151369840.44,13062.12,241260.21200540187
2026-01-02,VISTA RICA CORPORATE,3149452015.65,13054.17,241260.22685854405
2026-01-03,VISTA RICA CORPORATE,3147179194.03,13044.75,241260.21533797123
2026-01-04,VISTA RICA CORPORATE,3146447552.02,13041.72,241260.1675254491
2026-01-05,VISTA RICA CORPORATE,3156295506.31,13082.54,241260.14568348345
2026-01-06,VISTA RICA CORPORATE,3163925057.05,13114.16,241260.21468778787
2026-01-07,VISTA RICA CORPORATE,3159857050.49,13097.3,241260.18725157093
2026-01-08,VISTA RICA CORPORATE,3164626387.54,13117.07,241260.15852168205
2026-01-09,VISTA RICA CORPORATE,3167271786.27,13128.03,241260.24896880946
2026-01-10,VISTA RICA CORPORATE,3166439889.84,13124.59,241260.0995413952
2026-01-11,VISTA RICA CORPORATE,3166874841.92,13126.39,241260.151642607
2026-01-12,VISTA RICA CORPORATE,3164419189.81,13116.21,241260.18032724393
2026-01-13,VISTA RICA CORPORATE,3156946554.36,13085.24,241260.11860386207
2026-01-14,VISTA RICA CORPORATE,3149851697.07,13055.83,241260.1647746639
2026-01-15,VISTA RICA CORPORATE,3154218652.33,13064.02,241443.1891814311
2026-01-16,VISTA RICA CORPORATE,3156401066.81,13073.06,241443.17143882153
2026-01-17,VISTA RICA CORPORATE,3156487099.16,13073.41,241443.28825914583
2026-01-18,VISTA RICA CORPORATE,3156512652.37,13073.52,241443.21134399914
2026-01-19,VISTA RICA CORPORATE,3155097797.0,13067.66,241443.21148545342
2026-01-20,VISTA RICA CORPORATE,3142532600.52,13015.62,241443.1737035961
2026-01-21,VISTA RICA CORPORATE,3168942581.75,13000.75,243750.7514374171
2026-01-22,VISTA RICA CORPORATE,3184244089.21,13063.52,243750.84886845198
2026-01-23,VISTA RICA CORPORATE,3189774743.53,13086.21,243750.8448611172
2026-01-24,VISTA RICA CORPORATE,3191871210.05,13094.81,243750.8608410508
2026-01-25,VISTA RICA CORPORATE,3193950273.76,13103.34,243750.85083345164
2026-01-26,VISTA RICA CORPORATE,3192518844.86,13097.47,243750.80415225233
2026-01-27,VISTA RICA CORPORATE,3191226362.25,13092.17,243750.75806760835
2026-01-28,VISTA RICA CORPORATE,3200418440.06,13129.88,243750.7760969636
2026-01-29,VISTA RICA CORPORATE,3204106647.84,13145.01,243750.795765085
2026-01-30,VISTA RICA CORPORATE,3202260986.03,13137.44,243750.76011993203
2026-01-31,VISTA RICA CORPORATE,3204275468.44,13145.7,243750.84388355128
2026-02-01,VISTA RICA CORPORATE,3202252255.02,13137.4,243750.8376863002
2026-02-02,VISTA RICA CORPORATE,3205873862.43,13152.26,243750.79738615264
2026-02-03,VISTA RICA CORPORATE,3194718849.07,13077.78,244286.02171545936
2026-02-04,VISTA RICA CORPORATE,3187632061.68,13028.3,244669.83886462546
2026-02-05,VISTA RICA CORPORATE,3179311649.03,12994.29,244669.90108963245
2026-02-06,VISTA RICA CORPORATE,3182595603.2,13006.49,244692.888181208
2026-02-07,VISTA RICA CORPORATE,3182722462.66,13007.01,244692.85890146927
2026-02-08,VISTA RICA CORPORATE,3182828605.52,13007.44,244692.93000928697
2026-02-09,VISTA RICA CORPORATE,3155467794.53,13026.18,242240.45687454037
2026-02-10,VISTA RICA CORPORATE,3149802081.61,13002.79,242240.4792825232
2026-02-11,VISTA RICA CORPORATE,3156009676.6,12955.76,243598.9611261709
2026-02-12,VISTA RICA CORPORATE,3118648750.45,12802.39,243598.94913762197
2026-02-13,VISTA RICA CORPORATE,3097185019.42,12713.25,243618.66709299354
2026-02-14,VISTA RICA CORPORATE,3088498810.74,12677.6,243618.57218558714
2026-02-15,VISTA RICA CORPORATE,3088624740.65,12678.12,243618.5128907125
2026-02-16,VISTA RICA CORPORATE,3087298373.06,12672.67,243618.6196799885
2026-02-17,VISTA RICA CORPORATE,3087991658.65,12675.52,243618.53862011182
2026-02-18,VISTA RICA CORPORATE,3128715659.02,12842.68,243618.5951078747
2026-02-19,VISTA RICA CORPORATE,3144185126.61,12785.69,245914.38761693737
2026-02-20,VISTA RICA CORPORATE,3146706278.08,12795.94,245914.42895793507
2026-02-21,VISTA RICA CORPORATE,3139790689.41,12767.82,245914.39176069212
2026-02-22,VISTA RICA CORPORATE,3135429675.46,12750.08,245914.50998425108
2026-02-23,VISTA RICA CORPORATE,3160428173.24,12851.74,245914.4188444522
2026-02-24,VISTA RICA CORPORATE,3197614692.15,13002.95,245914.5572466248
2026-02-25,VISTA RICA CORPORATE,3267194859.53,13285.9,245914.4551389067
2026-02-26,VISTA RICA CORPORATE,3265775206.64,13280.13,245914.4004343331
2026-02-27,VISTA RICA CORPORATE,3251800532.02,13223.3,245914.44889097277
2026-02-28,VISTA RICA CORPORATE,3258478587.72,13250.46,245914.37487604204
2026-03-01,VISTA RICA CORPORATE,3258980502.33,13252.5,245914.39368647424
2026-03-02,VISTA RICA CORPORATE,3260534215.96,13258.81,245914.5440624008
2026-03-03,VISTA RICA CORPORATE,3259815767.85,13255.89,245914.5155738317
2026-03-04,VISTA RICA CORPORATE,3283680115.26,13352.94,245914.39153175257
2026-03-05,VISTA RICA CORPORATE,3291045956.8,13370.69,246138.82730061052
2026-03-06,VISTA RICA CORPORATE,3279685922.06,13324.54,246138.7726750792
2026-03-07,VISTA RICA CORPORATE,3282163682.5,13334.6,246138.8929926657
2026-03-08,VISTA RICA CORPORATE,3279549396.31,13323.98,246138.87114135566
2026-03-09,VISTA RICA CORPORATE,3284799839.87,13345.31,246138.89372895798
2026-03-10,VISTA RICA CORPORATE,3275165406.38,13306.17,246138.85185444047
2026-03-11,VISTA RICA CORPORATE,3271809002.54,13292.53,246138.92182601805
2026-03-12,VISTA RICA CORPORATE,3263799891.49,13260.0,246138.75501432878
2026-03-13,VISTA RICA CORPORATE,3271948892.41,13293.1,246138.89103444642
2026-03-14,VISTA RICA CORPORATE,3274750600.31,13304.49,246138.75468432085
2026-03-15,VISTA RICA CORPORATE,3275568245.61,13307.81,246138.78959873941
2026-03-16,VISTA RICA CORPORATE,3289604829.6,13364.83,246138.92055491914
2026-03-17,VISTA RICA CORPORATE,3292610664.18,13377.05,246138.7723137762
2026-03-18,VISTA RICA CORPORATE,3271043097.58,13289.42,246138.89075520224
2026-03-19,VISTA RICA CORPORATE,3267568344.74,13275.31,246138.76020522308
2026-03-20,VISTA RICA CORPORATE,3261157634.77,13249.26,246138.85113357272
2026-03-21,VISTA RICA CORPORATE,3262976864.3,13256.65,246138.87100436387
2026-03-22,VISTA RICA CORPORATE,3262067287.51,13252.96,246138.77107529188
2026-03-23,VISTA RICA CORPORATE,3270353033.23,13286.62,246138.82486516508
2026-03-24,VISTA RICA CORPORATE,3256103939.75,13228.73,246138.81602769124
2026-03-25,VISTA RICA CORPORATE,3263218819.04,13257.63,246138.92671917984
2026-03-26,VISTA RICA CORPORATE,3261148060.87,13249.22,246138.87163697183
2026-03-27,VISTA RICA CORPORATE,3250837211.02,13207.33,246138.86463198846
2026-03-28,VISTA RICA CORPORATE,3253670640.05,13218.84,246138.89267515152
2026-03-29,VISTA RICA CORPORATE,3252025352.03,13212.16,246138.8109158533
2026-03-30,VISTA RICA CORPORATE,3257484994.29,13234.34,246138.83233240191
2026-03-31,VISTA RICA CORPORATE,3302123524.19,13312.09,248054.47710990536
2026-04-01,VISTA RICA CORPORATE,3298084804.74,13295.81,248054.447584615
2026-04-02,VISTA RICA CORPORATE,3293864103.23,13278.8,248054.35003388862
2026-04-03,VISTA RICA CORPORATE,3291322531.08,13268.55,248054.42426489707
2026-04-04,VISTA RICA CORPORATE,3254918446.52,13121.79,248054.45343356355
2026-04-05,VISTA RICA CORPORATE,3240650321.65,13064.27,248054.4509299027
2026-04-06,VISTA RICA CORPORATE,3242494733.95,13071.71,248054.36579835386
2026-04-07,VISTA RICA CORPORATE,3238667743.74,13056.28,248054.40322511463
2026-04-08,VISTA RICA CORPORATE,3245238288.31,13082.77,248054.37138388888
2026-04-09,VISTA RICA CORPORATE,3246099378.36,13086.24,248054.39747093132
2026-04-10,VISTA RICA CORPORATE,3243707641.72,13076.6,248054.35982747807
2026-04-11,VISTA RICA CORPORATE,3243806640.52,13077.0,248054.34277892482
2026-04-12,VISTA RICA CORPORATE,3242934605.85,13073.48,248054.42818973985
2026-04-13,VISTA RICA CORPORATE,3297529860.91,13293.58,248054.31350396204
2026-04-14,VISTA RICA CORPORATE,3327095504.19,13412.77,248054.31720591645
2026-04-15,VISTA RICA CORPORATE,3341351324.21,13470.24,248054.32748117333
2026-04-16,VISTA RICA CORPORATE,3347683638.18,13495.76,248054.47327012333
2026-04-17,VISTA RICA CORPORATE,3354761219.69,13524.3,248054.33328822936
2026-04-18,VISTA RICA CORPORATE,3354859127.48,13524.69,248054.41954529088
2026-04-19,VISTA RICA CORPORATE,3356669697.92,13531.99,248054.40278333047
2026-04-20,VISTA RICA CORPORATE,3356638733.31,13531.87,248054.3142455551
2026-04-21,VISTA RICA CORPORATE,3351334131.28,13510.48,248054.40896844526
2026-04-22,VISTA RICA CORPORATE,3359029498.48,13541.5,248054.4620965181
2026-04-23,VISTA RICA CORPORATE,3343903592.35,13480.53,248054.31183714585
2026-04-24,VISTA RICA CORPORATE,3405786936.82,13528.43,251750.34625747407
2026-04-25,VISTA RICA CORPORATE,3405869415.33,13528.76,251750.30197372116
2026-04-26,VISTA RICA CORPORATE,3407703822.46,13536.05,251750.23898847893
2026-04-27,VISTA RICA CORPORATE,3400282357.89,13506.57,251750.24879669672
2026-04-28,VISTA RICA CORPORATE,3389809844.01,13464.97,251750.27081456553
2026-04-29,VISTA RICA CORPORATE,3382783808.8,13437.06,251750.29424591394
2026-04-30,VISTA RICA CORPORATE,3378216412.9,13418.92,251750.24613754312
2026-05-01,VISTA RICA CORPORATE,3383751618.43,13440.9,251750.37523008132
2026-05-02,VISTA RICA CORPORATE,3380200080.47,13426.8,251750.23687475795
2026-05-03,VISTA RICA CORPORATE,3377584656.79,13416.41,251750.25634950036
2026-05-04,VISTA RICA CORPORATE,3371124010.02,13422.45,251155.6392476783
2026-05-05,VISTA RICA CORPORATE,3360971401.96,13422.02,250407.2711827281
2026-05-06,VISTA RICA CORPORATE,3364873690.38,13437.61,250407.15502087053
2026-05-07,VISTA RICA CORPORATE,3364074912.23,13434.42,250407.15655979194
2026-05-08,VISTA RICA CORPORATE,3352463251.51,13388.05,250407.1355806111
2026-05-09,VISTA RICA CORPORATE,3352566554.2,13388.46,250407.1830666111
2026-05-10,VISTA RICA CORPORATE,3351702717.37,13385.01,250407.1881433036
2026-05-11,VISTA RICA CORPORATE,3343643276.79,13352.82,250407.27552606864
2026-05-12,VISTA RICA CORPORATE,3345634111.3,13360.78,250407.09534173904
2026-05-13,VISTA RICA CORPORATE,3338105861.09,13330.71,250407.2071997666
2026-05-14,VISTA RICA CORPORATE,3335150343.79,13318.91,250407.15372278963
2026-05-15,VISTA RICA CORPORATE,3337894617.11,13329.87,250407.13953774492
2026-05-16,VISTA RICA CORPORATE,3337058827.3,13326.53,250407.18231227485
2026-05-17,VISTA RICA CORPORATE,3337179136.36,13327.01,250407.19083725457
2026-05-18,VISTA RICA CORPORATE,3461722759.9,13355.56,259197.12538448407
2026-05-19,VISTA RICA CORPORATE,3480421122.27,13234.8,262974.96919258323
2026-05-20,VISTA RICA CORPORATE,3482117974.4,13241.25,262975.0193070896
2026-05-21,VISTA RICA CORPORATE,3485662017.14,13228.11,263504.16024209047
2026-05-22,VISTA RICA CORPORATE,3467526042.66,13207.9,262534.244100879
2026-05-23,VISTA RICA CORPORATE,3462800830.21,13189.9,262534.2747261162
2026-05-24,VISTA RICA CORPORATE,3460414609.43,13180.81,262534.29109667765
2026-05-25,VISTA RICA CORPORATE,3458651933.5,13174.1,262534.20981319406
2026-05-26,VISTA RICA CORPORATE,3455776317.02,13163.14,262534.34340286587
2026-05-27,VISTA RICA CORPORATE,3472263328.44,13214.52,262761.2148182454
2026-05-28,VISTA RICA CORPORATE,3460620956.83,13170.21,262761.2586913952
2026-05-29,VISTA RICA CORPORATE,3454815080.98,13148.11,262761.34600182076
2026-05-30,VISTA RICA CORPORATE,3449418447.06,13127.57,262761.3828804569
2026-05-31,VISTA RICA CORPORATE,3449360038.51,13127.35,262761.33709469164
2026-06-01,VISTA RICA CORPORATE,3458671303.32,13162.79,262761.26135264634
2026-06-02,VISTA RICA CORPORATE,3468364217.86,13199.68,262761.2349587263
2026-06-03,VISTA RICA CORPORATE,3462833128.76,13178.63,262761.2376066405
2026-06-04,VISTA RICA CORPORATE,3473148339.43,13217.88,262761.376213886
2026-06-05,VISTA RICA CORPORATE,3456286084.26,13153.71,262761.311011114
2026-06-06,VISTA RICA CORPORATE,3455754519.28,13151.69,262761.2511608774
2026-06-07,VISTA RICA CORPORATE,3457375784.51,13157.86,262761.25331246876
2026-06-08,VISTA RICA CORPORATE,3460810720.08,13170.93,262761.30235905893
2026-06-09,VISTA RICA CORPORATE,3516925130.73,13156.14,267321.95999206457
2026-06-10,VISTA RICA CORPORATE,3506552085.69,13117.34,267321.8873407261
2026-06-11,VISTA RICA CORPORATE,3510357704.04,13131.58,267321.8077367689
2026-06-12,VISTA RICA CORPORATE,3497898165.67,13084.97,267321.8330397395
2026-06-13,VISTA RICA CORPORATE,3494880584.4,13073.68,267321.8699249179
2026-06-14,VISTA RICA CORPORATE,3492032898.33,13063.03,267321.8157142715
2026-06-15,VISTA RICA CORPORATE,3508019949.44,13122.83,267321.9076555895
2026-06-16,VISTA RICA CORPORATE,3529095506.5,13201.67,267321.8999187224
2026-06-17,VISTA RICA CORPORATE,3506486290.97,13117.09,267321.9663027394
2026-06-18,VISTA RICA CORPORATE,3512940931.65,13141.24,267321.87614334724
2026-06-19,VISTA RICA CORPORATE,3521825644.26,13174.48,267321.79518736224
2026-06-20,VISTA RICA CORPORATE,3521378369.24,13172.8,267321.93377565895
2026-06-21,VISTA RICA CORPORATE,3522009349.48,13175.16,267321.94140185014
2026-06-22,VISTA RICA CORPORATE,3503176344.16,13104.71,267321.928082346
2026-06-23,VISTA RICA CORPORATE,3499321303.06,13090.29,267321.90830455243
2026-06-24,VISTA RICA CORPORATE,3500216244.08,13093.64,267321.8634451535
2026-06-25,VISTA RICA CORPORATE,3485850566.83,13039.9,267321.87875903957
2026-06-26,VISTA RICA CORPORATE,3518189838.1,13177.33,266988.06496460206
2026-06-27,VISTA RICA CORPORATE,3526563830.43,13208.7,266987.9572122919
2026-06-28,VISTA RICA CORPORATE,3532445829.78,13230.73,266987.9764593488
2026-06-29,VISTA RICA CORPORATE,3540536996.78,13261.03,266988.0843931429
2026-06-30,VISTA RICA CORPORATE,3542854943.22,13269.72,266987.9201083369
2026-07-01,VISTA RICA CORPORATE,3567847549.68,13361.45,267025.47625295154
2026-07-02,VISTA RICA CORPORATE,3581301107.62,13411.84,267025.3378820505
2026-07-03,VISTA RICA CORPORATE,3577498903.43,13397.6,267025.35554353014
2026-07-04,VISTA RICA CORPORATE,3577624386.34,13398.07,267025.35412488517
2026-07-05,VISTA RICA CORPORATE,3579007367.26,13403.25,267025.33842612803
2026-07-06,VISTA RICA CORPORATE,3586151030.17,13430.0,267025.39316232316
2026-07-07,VISTA RICA CORPORATE,3586972402.36,13433.08,267025.3138044291
2026-07-08,VISTA RICA CORPORATE,3587591396.12,13435.39,267025.4749672321
2026-07-09,VISTA RICA CORPORATE,3596259495.69,13467.85,267025.50857709284
2026-07-10,VISTA RICA CORPORATE,3604338303.01,13498.11,267025.40600202547
2026-07-11,VISTA RICA CORPORATE,3605024678.38,13500.68,267025.4148961386
2026-07-12,VISTA RICA CORPORATE,3604583784.1,13499.03,267025.3924985721
2026-07-13,VISTA RICA CORPORATE,3599858747.17,13481.33,267025.489856713
2026-07-14,VISTA RICA CORPORATE,3595546871.79,13465.19,267025.3350892189
2026-07-15,VISTA RICA CORPORATE,3619914427.25,13556.44,267025.44526807923
2026-07-16,VISTA RICA CORPORATE,3624966913.06,13549.15,267542.01651468914
2026-07-17,VISTA RICA CORPORATE,3613899585.07,13507.78,267542.08204975206
2026-07-18,VISTA RICA CORPORATE,3625431041.57,13550.88,267542.11103411735
2026-07-19,VISTA RICA CORPORATE,3630042353.39,13568.12,267542.02891704964
2026-07-20,VISTA RICA CORPORATE,3636164128.53,13591.0,267542.05934294756
2026-07-21,VISTA RICA CORPORATE,3643369428.91,13617.93,267542.0881815371
2026-07-22,VISTA RICA CORPORATE,3638707896.89,13600.51,267542.01841622114
2026-07-23,VISTA RICA CORPORATE,3620346681.8,13531.88,267542.0327256819
2026-07-24,VISTA RICA CORPORATE,3632594723.95,13577.66,267542.03036090167
2026-07-25,VISTA RICA CORPORATE,3636107249.71,13590.79,267542.00820629264
2026-07-26,VISTA RICA CORPORATE,3639748841.73,13604.4,267542.03358692775
2026-07-27,VISTA RICA CORPORATE,3655629216.13,13663.76,267541.9662032998
2026-07-28,VISTA RICA CORPORATE,3676001715.32,13739.9,267542.10113028483
2026-07-29,VISTA RICA CORPORATE,3687265173.05,13782.0,267542.0964337542
2026-07-30,VISTA RICA CORPORATE,3703537685.31,13842.82,267542.13991874486
2026-07-31,VISTA RICA CORPORATE,3706221663.34,13852.86,267541.98507311847
2026-08-01,VISTA RICA CORPORATE,3708712885.58,13862.17,267542.0143873578
2026-08-02,VISTA RICA CORPORATE,3711053014.43,13870.92,267541.9521149282
2026-08-03,VISTA RICA CORPORATE,3728300374.4,13935.38,267542.0673422612
2026-08-04,VISTA RICA CORPORATE,3741121959.47,13983.3,267542.1366537227
2026-08-05,VISTA RICA CORPORATE,3737492816.26,13992.17,267113.16516737576
2026-08-06,VISTA RICA CORPORATE,3737441936.2,13991.98,267113.1559793539
2026-08-07,VISTA RICA CORPORATE,3751367140.41,14044.11,267113.198373553
2026-08-08,VISTA RICA CORPORATE,3752909577.85,14049.88,267113.2833767975
2026-08-09,VISTA RICA CORPORATE,3753070812.81,14050.49,267113.1620897207
2026-08-10,VISTA RICA CORPORATE,3761044698.79,14080.34,267113.2017259526
2026-08-11,VISTA RICA CORPORATE,3767381920.78,14104.06,267113.29367430374
2026-08-12,VISTA RICA CORPORATE,3762902861.83,14087.29,267113.3242681878
2026-08-13,VISTA RICA CORPORATE,3750874166.07,14042.26,267113.28276716144
2026-08-14,VISTA RICA CORPORATE,3738623076.23,13996.4,267113.1916942928
2026-08-15,VISTA RICA CORPORATE,3736814934.57,13989.63,267113.2070376415
2026-08-16,VISTA RICA CORPORATE,3735618035.23,13985.15,267113.19043628423
2026-08-17,VISTA RICA CORPORATE,3731736995.26,13936.92,267759.0884686143
2026-08-18,VISTA RICA CORPORATE,3729383209.11,13928.13,267759.07527500106
2026-08-19,VISTA RICA CORPORATE,3749980801.97,14005.06,267758.9958179401
2026-08-20,VISTA RICA CORPORATE,3719699547.26,13996.3,265763.06218500604
2026-08-21,VISTA RICA CORPORATE,3727701166.47,14026.41,265763.02606796747
2026-08-22,VISTA RICA CORPORATE,3728620525.74,14029.87,265763.0131811627
2026-08-23,VISTA RICA CORPORATE,3728783767.13,14030.48,265763.0934315861
2026-08-24,VISTA RICA CORPORATE,3730730728.07,14037.81,265763.01631593535
2026-08-25,VISTA RICA CORPORATE,3729957426.35,14072.53,265052.36985460325
2026-08-26,VISTA RICA CORPORATE,3724853096.35,14053.27,265052.4110296038
2026-08-27,VISTA RICA CORPORATE,3727100414.15,14061.75,265052.38780023827
2026-08-28,VISTA RICA CORPORATE,3726477690.25,14059.4,265052.3984131613
2026-08-29,VISTA RICA CORPORATE,3725278119.22,14054.87,265052.4778400654
2026-08-30,VISTA RICA CORPORATE,3724095994.27,14050.41,265052.47848781635
2026-08-31,VISTA RICA CORPORATE,3719376687.07,14032.61,265052.38063838443
2026-09-01,VISTA RICA CORPORATE,3708482986.7,13991.51,265052.37724162725
2026-09-02,VISTA RICA CORPORATE,3717074239.37,14023.92,265052.44178303925
2026-09-03,VISTA RICA CORPORATE,3715568682.37,14018.24,265052.4375649154
2026-09-04,VISTA RICA CORPORATE,3709206166.62,13994.24,265052.34772449237
2026-09-05,VISTA RICA CORPORATE,3709388966.68,13994.93,265052.34157512756
2026-09-06,VISTA RICA CORPORATE,3709570694.53,13995.61,265052.44819839933
2026-09-07,VISTA RICA CORPORATE,3712368451.95,14006.17,265052.3627765477
2026-09-08,VISTA RICA CORPORATE,3704451884.55,13976.3,265052.4018910585
2026-09-09,VISTA RICA CORPORATE,3700901080.19,13961.02,265088.15832868946
2026-09-10,VISTA RICA CORPORATE,3692325043.77,13928.67,265088.1271341772
2026-09-11,VISTA RICA CORPORATE,3710477905.48,13997.14,265088.2898563564
2026-09-12,VISTA RICA CORPORATE,3716713022.54,14020.67,265088.117938729
2026-09-13,VISTA RICA CORPORATE,3706941840.49,13983.8,265088.30507372814
2026-09-14,VISTA RICA CORPORATE,3707952842.38,13987.62,265088.1881535243
2026-09-15,VISTA RICA CORPORATE,3697474436.65,13948.09,265088.2261764872
2026-09-16,VISTA RICA CORPORATE,3690060636.05,13920.12,265088.2776908532
2026-09-17,VISTA RICA CORPORATE,3701401385.09,13962.9,265088.29720831633
2026-09-18,VISTA RICA CORPORATE,3708644874.16,13952.51,265804.8533317661
2026-09-19,VISTA RICA CORPORATE,3710171661.76,13958.25,265804.92982716317
2026-09-20,VISTA RICA CORPORATE,3710972466.03,13961.26,265804.9822172211
2026-09-21,VISTA RICA CORPORATE,3716048253.34,13980.36,265804.9044044645
2026-09-22,VISTA RICA CORPORATE,3694552534.47,13970.89,264446.4693709563
2026-09-23,VISTA RICA CORPORATE,3662175141.68,13969.74,262150.55839836673
2026-09-24,VISTA RICA CORPORATE,3664514388.25,13978.66,262150.6201774705
2026-09-25,VISTA RICA CORPORATE,3669836291.42,13998.96,262150.6377202307
2026-09-26,VISTA RICA CORPORATE,3674892963.17,14018.25,262150.62245073385
2026-09-27,VISTA RICA CORPORATE,3672377217.23,14008.66,262150.49956455507
2026-09-28,VISTA RICA CORPORATE,3662746470.27,13971.92,262150.54697350116
2026-09-29,VISTA RICA CORPORATE,3671536470.43,14005.45,262150.5535652192
2026-09-30,VISTA RICA CORPORATE,3680665702.02,14002.13,262864.7000149263
2026-10-01,VISTA RICA CORPORATE,3676270081.3,13985.4,262864.8505798905
2026-10-02,VISTA RICA CORPORATE,3680089177.06,13999.93,262864.8269712777
2026-10-03,VISTA RICA CORPORATE,3679665058.46,13998.32,262864.7622328965
2026-10-04,VISTA RICA CORPORATE,3679855534.81,13999.04,262864.8489332125
2026-10-05,VISTA RICA CORPORATE,3689583483.06,14036.05,262864.8005001407
2026-10-06,VISTA RICA CORPORATE,3690692862.91,14040.27,262864.80693818565
2023-12-20,VISTA RICA INVEST,127007198.0,11717.56,10839.048231884453
2023-12-21,VISTA RICA INVEST,193221692.12,11717.86,16489.503383723648
2023-12-22,VISTA RICA INVEST,202583785.19,11718.6,17287.3709478948
2023-12-23,VISTA RICA INVEST,202587923.23,11718.84,17287.370015291614
2023-12-24,VISTA RICA INVEST,202592063.13,11719.08,17287.36924144216
2023-12-25,VISTA RICA INVEST,210823526.01,11718.87,17990.09000099839
2023-12-26,VISTA RICA INVEST,329832193.93,11719.57,28143.711239405544
2023-12-27,VISTA RICA INVEST,478372546.39,11720.12,40816.35225492571
2023-12-28,VISTA RICA INVEST,626446769.4,11719.24,53454.55587563699
2023-12-29,VISTA RICA INVEST,898089247.29,11720.65,76624.52571231118
2023-12-30,VISTA RICA INVEST,898125555.58,11721.13,76624.48548732077
2023-12-31,VISTA RICA INVEST,898124604.18,11721.11,76624.53506365864
2024-01-01,VISTA RICA INVEST,898160672.39,11721.58,76624.53972843252
2024-01-02,VISTA RICA INVEST,898196750.04,11722.05,76624.5451981522
2024-01-03,VISTA RICA INVEST,897637256.16,11723.24,76569.04201910053
2024-01-04,VISTA RICA INVEST,897679525.13,11723.79,76569.05532511244
2024-01-05,VISTA RICA INVEST,897709556.08,11724.18,76569.06974133798
2024-01-06,VISTA RICA INVEST,897728384.46,11724.43,76569.04296925309
2024-01-07,VISTA RICA INVEST,897747221.84,11724.68,76569.01696592146
2024-01-08,VISTA RICA INVEST,897761957.17,11724.87,76569.03293341417
2024-01-09,VISTA RICA INVEST,901329653.25,11771.46,76569.06222762512
2024-01-10,VISTA RICA INVEST,876235711.73,11771.74,74435.53049336802
2024-01-11,VISTA RICA INVEST,872763653.54,11771.98,74139.07036369413
2024-01-12,VISTA RICA INVEST,873795499.11,11772.41,74224.01183020299
2024-01-13,VISTA RICA INVEST,873820439.99,11772.75,74223.98674821091
2024-01-14,VISTA RICA INVEST,873845390.72,11773.09,74223.9625043213
2024-01-15,VISTA RICA INVEST,873866323.93,11773.37,74223.97528744955
2024-01-16,VISTA RICA INVEST,873892299.98,11773.72,74223.97508858713
2024-01-17,VISTA RICA INVEST,873904968.21,11773.89,74223.97934837171
2024-01-18,VISTA RICA INVEST,879642210.54,11851.19,74223.95645838097
2024-01-19,VISTA RICA INVEST,879347695.7,11847.22,74223.96947975982
2024-01-20,VISTA RICA INVEST,879098736.9,11843.86,74224.0061010515
2024-01-21,VISTA RICA INVEST,879046798.1,11843.16,74224.00762127676
2024-01-22,VISTA RICA INVEST,878907474.59,11840.61,74228.22596048683
2024-01-23,VISTA RICA INVEST,779697295.53,11841.56,65844.13671256152
2024-01-24,VISTA RICA INVEST,779735320.23,11842.14,65844.12278777316
2024-01-25,VISTA RICA INVEST,780118690.81,11844.16,65865.26109154215
2024-01-26,VISTA RICA INVEST,781289711.64,11843.85,65965.85668004914
2024-01-27,VISTA RICA INVEST,781472375.15,11846.62,65965.8514538324
2024-01-28,VISTA RICA INVEST,781519525.55,11847.33,65965.87801217657
2024-01-29,VISTA RICA INVEST,781748224.38,11850.8,65965.86090221758
2024-01-30,VISTA RICA INVEST,773837999.0,11853.55,65283.22730321297
2024-01-31,VISTA RICA INVEST,773476136.52,11848.01,65283.21097973415
2024-02-01,VISTA RICA INVEST,775040694.01,11871.97,65283.24229340202
2024-02-02,VISTA RICA INVEST,775206549.46,11874.51,65283.24532633347
2024-02-03,VISTA RICA INVEST,775228762.91,11874.85,65283.246770274985
2024-02-04,VISTA RICA INVEST,775250985.95,11875.19,65283.24902169986
2024-02-05,VISTA RICA INVEST,773961042.03,11949.14,64771.27575959441
2024-02-06,VISTA RICA INVEST,774072701.66,11950.87,64771.242734629355
2024-02-07,VISTA RICA INVEST,778269960.74,12015.67,64771.249604890945
2024-02-08,VISTA RICA INVEST,778529574.13,12019.68,64771.239677761805
2024-02-09,VISTA RICA INVEST,778651128.98,12021.55,64771.275665783534
2024-02-10,VISTA RICA INVEST,778941560.86,12026.04,64771.24314071797
2024-02-11,VISTA RICA INVEST,779000684.32,12026.95,64771.25824253032
2024-02-12,VISTA RICA INVEST,778679638.19,12021.99,64771.2764850079
2024-02-13,VISTA RICA INVEST,778473319.96,12018.81,64771.247732512624
2024-02-14,VISTA RICA INVEST,778884233.68,12025.15,64771.26968728041
2024-02-15,VISTA RICA INVEST,779713225.74,12037.95,64771.26302568128
2024-02-16,VISTA RICA INVEST,779739134.37,12038.35,64771.2630360473
2024-02-17,VISTA RICA INVEST,779797486.54,12039.25,64771.2678563864
2024-02-18,VISTA RICA INVEST,779856208.29,12040.16,64771.24957558703
2024-02-19,VISTA RICA INVEST,779827762.05,12039.72,64771.25398680368
2024-02-20,VISTA RICA INVEST,779597795.16,12036.17,64771.251582521676
2024-02-21,VISTA RICA INVEST,779358380.6,12032.47,64771.271451331275
2024-02-22,VISTA RICA INVEST,779406772.79,12045.91,64703.02142303902
2024-02-23,VISTA RICA INVEST,779342826.84,12044.93,64702.97684087828
2024-02-24,VISTA RICA INVEST,779401300.22,12045.83,64702.996822966954
2024-02-25,VISTA RICA INVEST,779459777.17,12046.73,64703.01709841592
2024-02-26,VISTA RICA INVEST,781486914.53,12050.48,64851.102572677606
2024-02-27,VISTA RICA INVEST,784063776.48,12053.2,65050.2585603823
2024-02-28,VISTA RICA INVEST,784017564.23,12052.49,65050.256356155456
2024-02-29,VISTA RICA INVEST,786800065.08,12050.23,65293.36494656119
2024-03-01,VISTA RICA INVEST,785281252.79,12050.59,65165.378026304104
2024-03-02,VISTA RICA INVEST,785568295.38,12055.0,65165.35009373704
2024-03-03,VISTA RICA INVEST,785625127.37,12055.87,65165.361551675654
2024-03-04,VISTA RICA INVEST,785581199.26,12055.2,65165.339377198216
2024-03-05,VISTA RICA INVEST,701459448.59,12059.75,58165.3391314082
2024-03-06,VISTA RICA INVEST,701998961.43,12069.02,58165.365657692164
2024-03-07,VISTA RICA INVEST,702146774.32,12071.56,58165.37169346796
2024-03-08,VISTA RICA INVEST,681701151.03,12074.29,56458.90160249588
2024-03-09,VISTA RICA INVEST,681994753.6,12079.49,56458.90295037291
2024-03-10,VISTA RICA INVEST,682058145.16,12080.62,56458.86926002141
2024-03-11,VISTA RICA INVEST,682625753.8,12090.67,56458.8855539023
2024-03-12,VISTA RICA INVEST,682410008.45,12086.85,56458.879563327086
2024-03-13,VISTA RICA INVEST,682808004.24,12093.9,56458.876312851935
2024-03-14,VISTA RICA INVEST,664253137.75,12094.23,54923.14415634563
2024-03-15,VISTA RICA INVEST,664401652.49,12096.94,54923.11712631459
2024-03-16,VISTA RICA INVEST,664462032.25,12098.04,54923.11417799908
2024-03-17,VISTA RICA INVEST,664752979.85,12103.33,54923.14758417725
2024-03-18,VISTA RICA INVEST,664637053.92,12101.22,54923.14443667663
2024-03-19,VISTA RICA INVEST,664666913.66,12101.77,54923.11568142511
2024-03-20,VISTA RICA INVEST,665036649.79,12108.5,54923.12423421563
2024-03-21,VISTA RICA INVEST,664903848.06,12106.08,54923.13350481741
2024-03-22,VISTA RICA INVEST,664992502.59,12107.69,54923.1523593683
2024-03-23,VISTA RICA INVEST,665050955.14,12108.76,54923.12632672544
2024-03-24,VISTA RICA INVEST,665109044.46,12109.82,54923.115658201365
2024-03-25,VISTA RICA INVEST,665238752.67,12112.18,54923.123060423466
2024-03-26,VISTA RICA INVEST,667792536.96,12114.61,55122.90836931606
2024-03-27,VISTA RICA INVEST,668600826.42,12127.1,55132.78742815677
2024-03-28,VISTA RICA INVEST,668652065.0,12128.03,55132.784549510514
2024-03-29,VISTA RICA INVEST,671169598.96,12131.07,55326.49625795581
2024-03-30,VISTA RICA INVEST,671212564.84,12131.84,55326.52630103925
2024-03-31,VISTA RICA INVEST,671210332.82,12131.8,55326.52473829111
2024-04-01,VISTA RICA INVEST,671185920.52,12131.36,55326.519081125276
2024-04-02,VISTA RICA INVEST,671384403.72,12134.95,55326.50762631902
2024-04-03,VISTA RICA INVEST,671978163.21,12134.84,55375.9392962742
2024-04-04,VISTA RICA INVEST,671780711.24,12131.27,55375.95909084539
2024-04-05,VISTA RICA INVEST,671715327.31,12130.05,55376.138376181465
2024-04-06,VISTA RICA INVEST,671743019.52,12130.55,55376.13871753548
2024-04-07,VISTA RICA INVEST,671770721.46,12131.05,55376.13986093538
2024-04-08,VISTA RICA INVEST,665898089.52,12135.29,54872.86167203255
2024-04-09,VISTA RICA INVEST,666255240.96,12138.15,54889.35636484967
2024-04-10,VISTA RICA INVEST,663683251.99,12137.52,54680.30141165576
2024-04-11,VISTA RICA INVEST,664747756.88,12156.99,54680.29149320679
2024-04-12,VISTA RICA INVEST,665093543.0,12163.31,54680.308485108086
2024-04-13,VISTA RICA INVEST,665143253.88,12164.22,54680.30452260811
2024-04-14,VISTA RICA INVEST,665192975.56,12165.13,54680.301448484315
2024-04-15,VISTA RICA INVEST,665306885.64,12167.21,54680.31583575857
2024-04-16,VISTA RICA INVEST,660270671.55,12142.38,54377.368485420484
2024-04-17,VISTA RICA INVEST,660561123.95,12147.72,54377.37484482685
2024-04-18,VISTA RICA INVEST,663527622.45,12202.28,54377.34771288645
2024-04-19,VISTA RICA INVEST,664208862.67,12214.81,54377.33887551259
2024-04-20,VISTA RICA INVEST,664304016.66,12216.56,54377.33835547814
2024-04-21,VISTA RICA INVEST,664559370.77,12221.25,54377.36489884422
2024-04-22,VISTA RICA INVEST,664870614.89,12226.97,54377.38171353982
2024-04-23,VISTA RICA INVEST,650051113.57,12231.66,53144.962627313056
2024-04-24,VISTA RICA INVEST,650044116.09,12231.53,53144.955380888576
2024-04-25,VISTA RICA INVEST,649864523.21,12228.15,53144.95841235183
2024-04-26,VISTA RICA INVEST,649987212.3,12230.08,53146.60348092571
2024-04-27,VISTA RICA INVEST,650046850.02,12231.21,53146.56931080409
2024-04-28,VISTA RICA INVEST,649793694.0,12226.44,53146.59819211479
2024-04-29,VISTA RICA INVEST,649935363.78,12229.11,53146.57925065683
2024-04-30,VISTA RICA INVEST,654117804.64,12230.19,53483.862854133906
2024-05-01,VISTA RICA INVEST,654775383.94,12242.48,53483.88430612099
2024-05-02,VISTA RICA INVEST,654875170.51,12244.35,53483.865661305004
2024-05-03,VISTA RICA INVEST,655137131.83,12249.25,53483.8567120436
2024-05-04,VISTA RICA INVEST,655197297.31,12250.37,53483.87822653519
2024-05-05,VISTA RICA INVEST,655257707.28,12251.5,53483.87603803616
2024-05-06,VISTA RICA INVEST,655452084.22,12255.14,53483.85120202626
2024-05-07,VISTA RICA INVEST,636543459.75,12252.17,51953.52821173718
2024-05-08,VISTA RICA INVEST,636812438.17,12257.35,51953.516720171974
2024-05-09,VISTA RICA INVEST,636825342.78,12257.6,51953.50988611147
2024-05-10,VISTA RICA INVEST,577603518.49,12259.84,47113.46302154025
2024-05-11,VISTA RICA INVEST,577657496.41,12260.99,47113.44650064962
2024-05-12,VISTA RICA INVEST,577864096.95,12265.37,47113.466365058695
2024-05-13,VISTA RICA INVEST,573706621.1,12270.05,46756.66530291238
2024-05-14,VISTA RICA INVEST,573829923.25,12272.69,46756.654266505546
2024-05-15,VISTA RICA INVEST,562522250.2,12276.53,45820.94860681317
2024-05-16,VISTA RICA INVEST,562857960.35,12283.86,45820.93579298364
2024-05-17,VISTA RICA INVEST,553973388.2,12283.19,45100.123681226134
2024-05-18,VISTA RICA INVEST,554335028.91,12291.21,45100.118614033934
2024-05-19,VISTA RICA INVEST,554384603.05,12292.31,45100.11568614849
2024-05-20,VISTA RICA INVEST,554623433.06,12297.61,45100.09937378075
2024-05-21,VISTA RICA INVEST,554717194.71,12299.69,45100.095588588
2024-05-22,VISTA RICA INVEST,555512012.01,12317.31,45100.10806012027
2024-05-23,VISTA RICA INVEST,555253992.96,12311.59,45100.104288723065
2024-05-24,VISTA RICA INVEST,556680833.64,12321.19,45180.76854914176
2024-05-25,VISTA RICA INVEST,556728300.21,12322.24,45180.7707210702
2024-05-26,VISTA RICA INVEST,557087562.6,12330.19,45180.77682501243
2024-05-27,VISTA RICA INVEST,559614037.28,12334.09,45371.32753855371
2024-05-28,VISTA RICA INVEST,559515082.47,12331.91,45371.323863862126
2024-05-29,VISTA RICA INVEST,559791861.25,12338.01,45371.32497461098
2024-05-30,VISTA RICA INVEST,530726536.57,12341.19,43004.48632344206
2024-05-31,VISTA RICA INVEST,530816030.84,12343.27,43004.48996416671
2024-06-01,VISTA RICA INVEST,530793272.24,12342.74,43004.4927009724
2024-06-02,VISTA RICA INVEST,530733933.91,12341.36,43004.493338659595
2024-06-03,VISTA RICA INVEST,530963926.48,12346.71,43004.48674019233
2024-06-04,VISTA RICA INVEST,525168638.14,12345.17,42540.41363059399
2024-06-05,VISTA RICA INVEST,524884126.08,12338.49,42540.38590459611
2024-06-06,VISTA RICA INVEST,524728895.31,12334.84,42540.389280282514
2024-06-07,VISTA RICA INVEST,539416395.93,12327.49,43757.195984746286
2024-06-08,VISTA RICA INVEST,539419194.63,12327.55,43757.21004011341
2024-06-09,VISTA RICA INVEST,539422101.4,12327.62,43757.19736656386
2024-06-10,VISTA RICA INVEST,539639095.83,12332.58,43757.19402022935
2024-06-11,VISTA RICA INVEST,539737592.64,12334.83,43757.1975163014
2024-06-12,VISTA RICA INVEST,539641160.16,12332.63,43757.18400373643
2024-06-13,VISTA RICA INVEST,539046440.68,12319.04,43757.17918604046
2024-06-14,VISTA RICA INVEST,539128917.22,12320.92,43757.19647721112
2024-06-15,VISTA RICA INVEST,539165917.64,12321.77,43757.18079788861
2024-06-16,VISTA RICA INVEST,539239028.32,12323.44,43757.183734411825
2024-06-17,VISTA RICA INVEST,539116020.85,12320.63,43757.1796937332
2024-06-18,VISTA RICA INVEST,539360024.94,12326.2,43757.2021336665
2024-06-19,VISTA RICA INVEST,543204771.27,12324.42,44075.48357407488
2024-06-20,VISTA RICA INVEST,543554582.16,12332.36,44075.471536672616
2024-06-21,VISTA RICA INVEST,543881598.4,12339.78,44075.46961128966
2024-06-22,VISTA RICA INVEST,543990555.5,12342.25,44075.47695922542
2024-06-23,VISTA RICA INVEST,544099693.13,12344.73,44075.46322438806
2024-06-24,VISTA RICA INVEST,544446111.94,12352.59,44075.46206423107
2024-06-25,VISTA RICA INVEST,544825842.43,12361.2,44075.4815414361
2024-06-26,VISTA RICA INVEST,543759045.74,12353.77,44015.63617745838
2024-06-27,VISTA RICA INVEST,546572979.81,12364.31,44205.700100531285
2024-06-28,VISTA RICA INVEST,547805094.39,12392.18,44205.708308788286
2024-06-29,VISTA RICA INVEST,547838982.8,12392.94,44205.73187637477
2024-06-30,VISTA RICA INVEST,547842624.96,12393.03,44205.70473564576
2024-07-01,VISTA RICA INVEST,550160526.45,12391.17,44399.40106140098
2024-07-02,VISTA RICA INVEST,551049960.84,12395.44,44455.861255429416
2024-07-03,VISTA RICA INVEST,551364135.95,12395.75,44480.09486719239
2024-07-04,VISTA RICA INVEST,553224017.82,12392.6,44641.48103061505
2024-07-05,VISTA RICA INVEST,553161009.34,12391.19,44641.475866321154
2024-07-06,VISTA RICA INVEST,553194360.33,12391.94,44641.465366197706
2024-07-07,VISTA RICA INVEST,553227718.61,12392.69,44641.45545559519
2024-07-08,VISTA RICA INVEST,553172982.09,12391.46,44641.46937406892
2024-07-09,VISTA RICA INVEST,553167539.74,12391.34,44641.46248428338
2024-07-10,VISTA RICA INVEST,553419059.86,12396.97,44641.47770463267
2024-07-11,VISTA RICA INVEST,553434530.81,12397.32,44641.4653175041
2024-07-12,VISTA RICA INVEST,553659478.07,12402.36,44641.46163068964
2024-07-13,VISTA RICA INVEST,553691588.4,12403.08,44641.45908919397
2024-07-14,VISTA RICA INVEST,553723705.92,12403.8,44641.45712765443
2024-07-15,VISTA RICA INVEST,554117877.55,12412.63,44641.45612573645
2024-07-16,VISTA RICA INVEST,556173844.46,12414.08,44801.857605235346
2024-07-17,VISTA RICA INVEST,556441092.45,12420.05,44801.839964412386
2024-07-18,VISTA RICA INVEST,556668957.88,12413.97,44842.13816208675
2024-07-19,VISTA RICA INVEST,556753392.92,12415.86,44842.112662352825
2024-07-20,VISTA RICA INVEST,556784647.61,12416.55,44842.13792156437
2024-07-21,VISTA RICA INVEST,556815929.51,12417.25,44842.129256477885
2024-07-22,VISTA RICA INVEST,560466512.72,12431.76,45083.44053617509
2024-07-23,VISTA RICA INVEST,571731403.94,12422.11,46025.3051969432
2024-07-24,VISTA RICA INVEST,577617479.79,12415.29,46524.686881256894
2024-07-25,VISTA RICA INVEST,577743440.13,12407.25,46564.9874170344
2024-07-26,VISTA RICA INVEST,580809468.25,12422.2,46755.76534349793
2024-07-27,VISTA RICA INVEST,580841049.83,12422.87,46755.785887641105
2024-07-28,VISTA RICA INVEST,580872618.76,12423.55,46755.76777652121
2024-07-29,VISTA RICA INVEST,581720356.36,12441.68,46755.772239761834
2024-07-30,VISTA RICA INVEST,584120121.44,12441.67,46948.691087289735
2024-07-31,VISTA RICA INVEST,584229629.45,12444.01,46948.66280644262
2024-08-01,VISTA RICA INVEST,584316580.86,12445.86,46948.670550689145
2024-08-02,VISTA RICA INVEST,584159527.06,12442.51,46948.68857328625
2024-08-03,VISTA RICA INVEST,584190636.9,12443.17,46948.69851492827
2024-08-04,VISTA RICA INVEST,584221754.01,12443.84,46948.67131126726
2024-08-05,VISTA RICA INVEST,583209335.85,12425.16,46937.772700713715
2024-08-06,VISTA RICA INVEST,589399466.67,12424.95,47436.76768679149
2024-08-07,VISTA RICA INVEST,589828573.43,12427.67,47460.9137054653
2024-08-08,VISTA RICA INVEST,590658246.4,12431.03,47514.82752434834
2024-08-09,VISTA RICA INVEST,591529205.87,12438.84,47555.01364033945
2024-08-10,VISTA RICA INVEST,591559795.4,12439.48,47555.026046104824
2024-08-11,VISTA RICA INVEST,591590412.1,12440.13,47555.002407531116
2024-08-12,VISTA RICA INVEST,592034941.21,12449.48,47554.99355876712
2024-08-13,VISTA RICA INVEST,592523922.62,12459.76,47555.002874854734
2024-08-14,VISTA RICA INVEST,592258110.97,12454.17,47555.00454626844
2024-08-15,VISTA RICA INVEST,592901260.0,12467.69,47555.021018328174
2024-08-16,VISTA RICA INVEST,593209418.41,12474.17,47555.02116854268
2024-08-17,VISTA RICA INVEST,593239970.28,12474.81,47555.03051990371
2024-08-18,VISTA RICA INVEST,593270529.3,12475.46,47555.00232456358
2024-08-19,VISTA RICA INVEST,593621347.08,12482.83,47555.02935472165
2024-08-20,VISTA RICA INVEST,598973893.67,12479.73,47995.74138783451
2024-08-21,VISTA RICA INVEST,618666083.46,12478.86,49577.13152162938
2024-08-22,VISTA RICA INVEST,618504209.33,12475.59,49577.15100688625
2024-08-23,VISTA RICA INVEST,618907797.43,12483.73,49577.15341728794
2024-08-24,VISTA RICA INVEST,618937903.82,12484.34,49577.142549786375
2024-08-25,VISTA RICA INVEST,618968017.47,12484.95,49577.13226484688
2024-08-26,VISTA RICA INVEST,618568924.36,12476.49,49578.76168377484
2024-08-27,VISTA RICA INVEST,602494652.11,12471.01,48311.616469716566
2024-08-28,VISTA RICA INVEST,603080579.56,12483.14,48311.60906310431
2024-08-29,VISTA RICA INVEST,603671472.56,12495.37,48311.6124260426
2024-08-30,VISTA RICA INVEST,603682182.82,12495.59,48311.61896477077
2024-08-31,VISTA RICA INVEST,603714834.97,12496.27,48311.60297992921
2024-09-01,VISTA RICA INVEST,603762512.68,12497.25,48311.62957290604
2024-09-02,VISTA RICA INVEST,604360405.29,12509.63,48311.61315642429
2024-09-03,VISTA RICA INVEST,602878641.33,12478.96,48311.60940735447
2024-09-04,VISTA RICA INVEST,605182192.13,12476.96,48503.97790246984
2024-09-05,VISTA RICA INVEST,605674245.02,12487.11,48503.95688193665
2024-09-06,VISTA RICA INVEST,605205059.09,12477.43,48503.98351984343
2024-09-07,VISTA RICA INVEST,605255365.3,12478.47,48503.97246617574
2024-09-08,VISTA RICA INVEST,605398353.68,12481.42,48503.96458736265
2024-09-09,VISTA RICA INVEST,603288751.31,12480.88,48337.036435732094
2024-09-10,VISTA RICA INVEST,604256522.75,12490.55,48377.09490374724
2024-09-11,VISTA RICA INVEST,605210051.41,12504.06,48401.083440898394
2024-09-12,VISTA RICA INVEST,607486382.85,12551.09,48401.08571048411
2024-09-13,VISTA RICA INVEST,620580189.35,12559.17,49412.516061969065
2024-09-14,VISTA RICA INVEST,620608936.85,12559.75,49412.52308764108
2024-09-15,VISTA RICA INVEST,620637713.96,12560.33,49412.53247008638
2024-09-16,VISTA RICA INVEST,620653932.08,12550.54,49452.36874907374
2024-09-17,VISTA RICA INVEST,621020534.92,12547.84,49492.22614569519
2024-09-18,VISTA RICA INVEST,621167455.24,12550.81,49492.220441549194
2024-09-19,VISTA RICA INVEST,623697969.16,12561.53,49651.433317438234
2024-09-20,VISTA RICA INVEST,623386967.53,12555.27,49651.418689522405
2024-09-21,VISTA RICA INVEST,623426340.33,12556.06,49651.43049093426
2024-09-22,VISTA RICA INVEST,623465742.85,12556.85,49651.4446576968
2024-09-23,VISTA RICA INVEST,629111661.34,12559.79,50089.34554956731
2024-09-24,VISTA RICA INVEST,629523593.25,12568.02,50089.32140862283
2024-09-25,VISTA RICA INVEST,629164547.94,12560.85,50089.32898171701
2024-09-26,VISTA RICA INVEST,630399616.69,12565.14,50170.52071763626
2024-09-27,VISTA RICA INVEST,630869017.18,12529.94,50348.92562773644
2024-09-28,VISTA RICA INVEST,631124849.38,12535.02,50348.9303870277
2024-09-29,VISTA RICA INVEST,631185364.17,12536.22,50348.93805070428
2024-09-30,VISTA RICA INVEST,631524757.27,12542.97,50348.901198838874
2024-10-01,VISTA RICA INVEST,635262452.92,12551.66,50611.82767219634
2024-10-02,VISTA RICA INVEST,649041590.03,12578.91,51597.60186136954
2024-10-03,VISTA RICA INVEST,648521271.38,12568.82,51597.62582167618
2024-10-04,VISTA RICA INVEST,666532615.55,12615.56,52834.167928336115
2024-10-05,VISTA RICA INVEST,666962386.75,12623.69,52834.18610168659
2024-10-06,VISTA RICA INVEST,666999355.54,12624.39,52834.18490239925
2024-10-07,VISTA RICA INVEST,673219068.8,12722.05,52917.49905086051
2024-10-08,VISTA RICA INVEST,676043539.84,12720.15,53147.450292645924
2024-10-09,VISTA RICA INVEST,676076868.68,12718.89,53155.33577851526
2024-10-10,VISTA RICA INVEST,675994453.05,12717.34,53155.333823739864
2024-10-11,VISTA RICA INVEST,676185218.42,12720.93,53155.32892799504
2024-10-12,VISTA RICA INVEST,676234780.55,12721.86,53155.33896379931
2024-10-13,VISTA RICA INVEST,676284334.11,12722.79,53155.34832454202
2024-10-14,VISTA RICA INVEST,676429615.43,12722.14,53169.48370557155
2024-10-15,VISTA RICA INVEST,677186247.43,12730.73,53193.04135976491
2024-10-16,VISTA RICA INVEST,754427771.64,12729.5,59266.09620487843
2024-10-17,VISTA RICA INVEST,824310676.2,12727.53,64765.958218130305
2024-10-18,VISTA RICA INVEST,826199484.44,12729.67,64903.44874926059
2024-10-19,VISTA RICA INVEST,826248254.9,12730.42,64903.45604465524
2024-10-20,VISTA RICA INVEST,826297057.42,12731.17,64903.46585741923
2024-10-21,VISTA RICA INVEST,822884118.7,12731.46,64633.916196571336
2024-10-22,VISTA RICA INVEST,824136745.24,12732.73,64725.84789279283
2024-10-23,VISTA RICA INVEST,824531699.4,12731.11,64765.106844572074
2024-10-24,VISTA RICA INVEST,824835245.09,12735.8,64765.09093186137
2024-10-25,VISTA RICA INVEST,826843051.27,12766.8,64765.097853025036
2024-10-26,VISTA RICA INVEST,827533768.82,12777.46,64765.12302288562
2024-10-27,VISTA RICA INVEST,827926190.4,12783.52,64765.118715346005
2024-10-28,VISTA RICA INVEST,830726058.83,12789.39,64954.3143832505
2024-10-29,VISTA RICA INVEST,840084886.0,12905.0,65097.627741185584
2024-10-30,VISTA RICA INVEST,839863794.7,12907.6,65067.38624531284
2024-10-31,VISTA RICA INVEST,843237279.77,12921.36,65259.173939120956
2024-11-01,VISTA RICA INVEST,875479526.74,12920.56,67758.63637025021
2024-11-02,VISTA RICA INVEST,875510604.71,12921.02,67758.62932725126
2024-11-03,VISTA RICA INVEST,875541690.48,12921.48,67758.62288839978
2024-11-04,VISTA RICA INVEST,878343544.59,12922.98,67967.56975480888
2024-11-05,VISTA RICA INVEST,881728594.04,12924.75,68220.16627323546
2024-11-06,VISTA RICA INVEST,888272379.85,12929.64,68700.47270070939
2024-11-07,VISTA RICA INVEST,888611590.34,12930.21,68723.67814134496
2024-11-08,VISTA RICA INVEST,888724739.28,12926.04,68754.60228190536
2024-11-09,VISTA RICA INVEST,888792850.17,12927.03,68754.60567276474
2024-11-10,VISTA RICA INVEST,888860996.24,12928.02,68754.61178432583
2024-11-11,VISTA RICA INVEST,889005878.08,12930.13,68754.59705973568
2024-11-12,VISTA RICA INVEST,902057584.08,12939.61,69712.8881071377
2024-11-13,VISTA RICA INVEST,897794041.9,12944.72,69356.00321212047
2024-11-14,VISTA RICA INVEST,968159567.57,12947.23,74777.35141570822
2024-11-15,VISTA RICA INVEST,1000595529.89,12943.57,77304.44768251726
2024-11-16,VISTA RICA INVEST,1000653254.64,12944.31,77304.48781279188
2024-11-17,VISTA RICA INVEST,1000710996.05,12945.06,77304.46950805944
2024-11-18,VISTA RICA INVEST,1002179032.73,12944.98,77418.35311680667
2024-11-19,VISTA RICA INVEST,1040327316.17,12944.79,80366.48846138098
2024-11-20,VISTA RICA INVEST,1072215915.27,12941.54,82850.72064607457
2024-11-21,VISTA RICA INVEST,1072673654.64,12943.44,82873.92336504051
2024-11-22,VISTA RICA INVEST,1080508402.98,12949.9,83437.58662074611
2024-11-23,VISTA RICA INVEST,1080565692.66,12950.58,83437.6292536705
2024-11-24,VISTA RICA INVEST,1080622997.13,12951.27,83437.6085997744
2024-11-25,VISTA RICA INVEST,1080972335.7,12953.9,83447.63628714133
2024-11-26,VISTA RICA INVEST,1088169594.71,12962.02,83950.61839975559
2024-11-27,VISTA RICA INVEST,1093927819.48,12956.05,84433.7448126551
2024-11-28,VISTA RICA INVEST,1095961107.59,12952.07,84616.67575839229
2024-11-29,VISTA RICA INVEST,1425554606.93,12951.46,110069.02750191871
2024-11-30,VISTA RICA INVEST,1425621751.59,12952.07,110069.02769904734
2024-12-01,VISTA RICA INVEST,1425708009.58,12952.86,110068.97392390559
2024-12-02,VISTA RICA INVEST,1529195339.3,12958.16,118010.22207628243
2024-12-03,VISTA RICA INVEST,1532228666.87,12958.89,118237.64742736453
2024-12-04,VISTA RICA INVEST,1556637795.21,12963.36,120079.80918604435
2024-12-05,VISTA RICA INVEST,1558085110.78,12962.09,120203.23194639136
2024-12-06,VISTA RICA INVEST,1571917535.87,12957.42,121314.08381220952
2024-12-07,VISTA RICA INVEST,1571966967.69,12957.83,121314.0601234929
2024-12-08,VISTA RICA INVEST,1572016433.77,12958.24,121314.03908015286
2024-12-09,VISTA RICA INVEST,1605104084.48,13063.23,122871.91486944654
2024-12-10,VISTA RICA INVEST,1673751236.33,13062.44,128134.65450023119
2024-12-11,VISTA RICA INVEST,1707018460.13,13071.54,130590.46295463273
2024-12-12,VISTA RICA INVEST,1725259670.53,13064.97,132052.32545731065
2024-12-13,VISTA RICA INVEST,1707994654.81,13052.62,130854.54527979821
2024-12-14,VISTA RICA INVEST,1708083416.02,13053.29,130854.62868135159
2024-12-15,VISTA RICA INVEST,1708172955.23,13053.98,130854.57119054878
2024-12-16,VISTA RICA INVEST,1723011283.88,13016.12,132375.1843006979
2024-12-17,VISTA RICA INVEST,1712640168.39,13024.5,131493.736296211
2024-12-18,VISTA RICA INVEST,1746831549.76,13007.88,134290.2571179931
2024-12-19,VISTA RICA INVEST,1758409982.06,13038.62,134861.66343217302
2024-12-20,VISTA RICA INVEST,1788874448.03,13059.42,136979.62451854677
2024-12-21,VISTA RICA INVEST,1788865168.84,13059.35,136979.6482091375
2024-12-22,VISTA RICA INVEST,1788855919.27,13059.29,136979.56927750283
2024-12-23,VISTA RICA INVEST,1798763664.84,13080.12,137518.89622113557
2024-12-24,VISTA RICA INVEST,1853852395.45,13094.94,141570.1328490241
2024-12-25,VISTA RICA INVEST,2030147259.09,13096.74,155011.64863088066
2024-12-26,VISTA RICA INVEST,2109703523.13,13095.05,161106.9467569807
2024-12-27,VISTA RICA INVEST,2307315911.47,13082.95,176360.52354170883
2024-12-28,VISTA RICA INVEST,2307446063.1,13083.69,176360.49639665874
2024-12-29,VISTA RICA INVEST,2307576270.86,13084.43,176360.47354451055
2024-12-30,VISTA RICA INVEST,2618326724.01,13073.46,200278.02311017897
2024-12-31,VISTA RICA INVEST,3187373762.8,13069.46,243879.53004944354
2025-01-01,VISTA RICA INVEST,3187585361.54,13070.32,243879.67253594403
2025-01-02,VISTA RICA INVEST,3190134996.05,13080.78,243879.56957077482
2025-01-03,VISTA RICA INVEST,3194872657.09,13099.68,243889.36654101475
2025-01-04,VISTA RICA INVEST,3195083990.77,13100.54,243889.48782034937
2025-01-05,VISTA RICA INVEST,3195295355.7,13101.41,243889.42531376393
2025-01-06,VISTA RICA INVEST,3202678715.5,13119.81,244110.14454477618
2025-01-07,VISTA RICA INVEST,3197454174.48,13098.4,244110.28633115496
2025-01-08,VISTA RICA INVEST,3196079481.09,13090.83,244146.4354124223
2025-01-09,VISTA RICA INVEST,3196895455.69,13093.79,244153.56101556538
2025-01-10,VISTA RICA INVEST,3192683006.72,13076.25,244158.91457566197
2025-01-11,VISTA RICA INVEST,3192925439.37,13077.24,244158.96927562697
2025-01-12,VISTA RICA INVEST,3193167910.17,13078.24,244158.84019332877
2025-01-13,VISTA RICA INVEST,3193130222.41,13078.37,244153.53154942088
2025-01-14,VISTA RICA INVEST,3190794570.75,13068.87,244152.29248971026
2025-01-15,VISTA RICA INVEST,3194855341.78,13086.56,244132.5559795699
2025-01-16,VISTA RICA INVEST,3198844267.68,13089.63,244380.03730281146
2025-01-17,VISTA RICA INVEST,3201819229.84,13102.05,244375.4397090532
2025-01-18,VISTA RICA INVEST,3202051273.04,13103.0,244375.431049378
2025-01-19,VISTA RICA INVEST,3202283372.43,13103.95,244375.42667897846
2025-01-20,VISTA RICA INVEST,3202202286.02,13103.9,244370.17117194118
2025-01-21,VISTA RICA INVEST,3205872309.39,13109.15,244552.26383022545
2025-01-22,VISTA RICA INVEST,3208600954.46,13120.4,244550.5437684827
2025-01-23,VISTA RICA INVEST,3211480176.76,13127.48,244637.9790150128
2025-01-24,VISTA RICA INVEST,3211040279.24,13125.88,244634.2857956952
2025-01-25,VISTA RICA INVEST,3211287017.32,13126.88,244634.44606182128
2025-01-26,VISTA RICA INVEST,3211533813.76,13127.89,244634.42440178889
2025-01-27,VISTA RICA INVEST,3217057736.7,13136.88,244887.50271754025
2025-01-28,VISTA RICA INVEST,3223769172.36,13164.28,244887.61803607945
2025-01-29,VISTA RICA INVEST,3221781397.8,13155.95,244891.5812085026
2025-01-30,VISTA RICA INVEST,3223657935.88,13153.91,245072.22079822654
2025-01-31,VISTA RICA INVEST,3066566363.54,13141.77,233345.00326363952
2025-02-01,VISTA RICA INVEST,3066804733.2,13142.79,233345.03048439484
2025-02-02,VISTA RICA INVEST,3067043131.99,13143.81,233345.05991717774
2025-02-03,VISTA RICA INVEST,3069769164.15,13145.36,233524.9216567671
2025-02-04,VISTA RICA INVEST,3072098101.27,13150.7,233607.19210916528
2025-02-05,VISTA RICA INVEST,3072340728.96,13151.64,233608.94374846027
2025-02-06,VISTA RICA INVEST,3074238554.44,13159.61,233611.67651928894
2025-02-07,VISTA RICA INVEST,3074906036.01,13149.68,233838.84900697204
2025-02-08,VISTA RICA INVEST,3075161052.15,13150.77,233838.85902878692
2025-02-09,VISTA RICA INVEST,3075416099.24,13151.86,233838.8714022199
2025-02-10,VISTA RICA INVEST,3083595721.28,13181.98,233925.07963750517
2025-02-11,VISTA RICA INVEST,3087073297.73,13192.17,234007.99851199612
2025-02-12,VISTA RICA INVEST,3086462302.03,13189.71,234005.31945205774
2025-02-13,VISTA RICA INVEST,3090538755.14,13185.76,234384.575112849
2025-02-14,VISTA RICA INVEST,3090040268.61,13183.94,234379.12100707376
2025-02-15,VISTA RICA INVEST,3090285187.52,13184.98,234379.20933668464
2025-02-16,VISTA RICA INVEST,3090530155.64,13186.03,234379.12363615126
2025-02-17,VISTA RICA INVEST,3090775173.0,13187.07,234379.21941720185
2025-02-18,VISTA RICA INVEST,3093901121.53,13200.41,234379.1686417316
2025-02-19,VISTA RICA INVEST,3095792150.88,13208.43,234380.02479325703
2025-02-20,VISTA RICA INVEST,3099489220.37,13211.66,234602.55716314225
2025-02-21,VISTA RICA INVEST,3096066269.8,13197.07,234602.54964170078
2025-02-22,VISTA RICA INVEST,3096310632.51,13198.11,234602.57813505115
2025-02-23,VISTA RICA INVEST,3096554253.72,13199.15,234602.55044605143
2025-02-24,VISTA RICA INVEST,3095448522.55,13194.34,234604.27141865378
2025-02-25,VISTA RICA INVEST,3094495996.95,13190.18,234606.04760132157
2025-02-26,VISTA RICA INVEST,3094423194.34,13189.72,234608.70999081104
2025-02-27,VISTA RICA INVEST,3092213414.95,13170.07,234790.96276253657
2025-02-28,VISTA RICA INVEST,3101620493.7,13191.59,235121.05013118204
2025-03-01,VISTA RICA INVEST,3101863933.33,13192.62,235121.14601421094
2025-03-02,VISTA RICA INVEST,3102107402.04,13193.66,235121.0658786114
2025-03-03,VISTA RICA INVEST,3097158589.43,13171.33,235143.95201016145
2025-03-04,VISTA RICA INVEST,3098621052.88,13166.79,235336.10339953777
2025-03-05,VISTA RICA INVEST,3101567500.79,13179.27,235336.82068809576
2025-03-06,VISTA RICA INVEST,3093794185.42,13139.89,235450.5391917284
2025-03-07,VISTA RICA INVEST,3097657814.56,13135.06,235831.26491694746
2025-03-08,VISTA RICA INVEST,3097900384.4,13136.09,235831.2393109365
2025-03-09,VISTA RICA INVEST,3098139023.96,13137.1,235831.27356570325
2025-03-10,VISTA RICA INVEST,3053846318.11,13096.99,233171.61562389528
2025-03-11,VISTA RICA INVEST,3053677500.14,13096.26,233171.72231919647
2025-03-12,VISTA RICA INVEST,3055250167.37,13103.11,233169.8480261556
2025-03-13,VISTA RICA INVEST,3040402756.23,13070.0,232624.54141009945
2025-03-14,VISTA RICA INVEST,3048898149.34,13106.52,232624.5372028578
2025-03-15,VISTA RICA INVEST,3049142736.86,13107.57,232624.56251311267
2025-03-16,VISTA RICA INVEST,3049387353.21,13108.62,232624.59001862895
2025-03-17,VISTA RICA INVEST,3048960400.04,13107.0,232620.7675318532
2025-03-18,VISTA RICA INVEST,3043948835.03,13085.76,232615.36471935906
2025-03-19,VISTA RICA INVEST,3047059202.2,13099.13,232615.3876020774
2025-03-20,VISTA RICA INVEST,3047466427.54,13100.98,232613.6233732133
2025-03-21,VISTA RICA INVEST,3052580434.6,13118.67,232689.7798786005
2025-03-22,VISTA RICA INVEST,3052822277.08,13119.7,232689.94543167905
2025-03-23,VISTA RICA INVEST,3053064148.45,13120.74,232689.93581535795
2025-03-24,VISTA RICA INVEST,3057508547.37,13139.84,232689.93742465661
2025-03-25,VISTA RICA INVEST,3065907240.22,13154.45,233069.96797433565
2025-03-26,VISTA RICA INVEST,3061273874.91,13134.36,233073.69943491725
2025-03-27,VISTA RICA INVEST,3060593544.08,13131.54,233071.94312929022
2025-03-28,VISTA RICA INVEST,3052018340.82,13084.62,233252.34823938334
2025-03-29,VISTA RICA INVEST,3052243763.46,13085.59,233252.28464746336
2025-03-30,VISTA RICA INVEST,3052469245.91,13086.55,233252.40387344258
2025-03-31,VISTA RICA INVEST,3048846828.3,13071.02,233252.40327839757
2025-04-01,VISTA RICA INVEST,3058048615.29,13098.76,233460.92418595348
2025-04-02,VISTA RICA INVEST,3061186888.66,13111.99,233464.70586539494
2025-04-03,VISTA RICA INVEST,3040165804.26,13021.91,233465.4289777767
2025-04-04,VISTA RICA INVEST,3015161808.94,12913.76,233484.42350949685
2025-04-05,VISTA RICA INVEST,3015386323.33,12914.72,233484.45210813708
2025-04-06,VISTA RICA INVEST,3015610877.39,12915.68,233484.48377398634
2025-04-07,VISTA RICA INVEST,3022802509.47,12945.81,233496.5915203452
2025-04-08,VISTA RICA INVEST,3018400026.52,12926.2,233510.23707818228
2025-04-09,VISTA RICA INVEST,3047563672.84,13046.81,233586.88237507868
2025-04-10,VISTA RICA INVEST,3041925524.75,13021.5,233607.91957531773
2025-04-11,VISTA RICA INVEST,3029817869.16,12969.54,233610.27986806005
2025-04-12,VISTA RICA INVEST,3029916666.89,12969.96,233610.3324058054
2025-04-13,VISTA RICA INVEST,3030138346.99,12970.91,233610.3131538188
2025-04-14,VISTA RICA INVEST,3035148766.71,12972.49,233968.09453774872
2025-04-15,VISTA RICA INVEST,3034306389.51,12968.89,233968.08743924886
2025-04-16,VISTA RICA INVEST,3006915917.12,12932.97,232500.03031940846
2025-04-17,VISTA RICA INVEST,3006618292.9,12921.16,232689.50256014167
2025-04-18,VISTA RICA INVEST,3008270779.75,12928.26,232689.5328334981
2025-04-19,VISTA RICA INVEST,3008491820.37,12929.21,232689.5317169417
2025-04-20,VISTA RICA INVEST,3008712383.24,12930.16,232689.4936520507
2025-04-21,VISTA RICA INVEST,3000596706.21,12895.28,232689.5349468953
2025-04-22,VISTA RICA INVEST,3000052176.32,12890.89,232726.5360514286
2025-04-23,VISTA RICA INVEST,3017049956.29,12964.12,232723.08157360466
2025-04-24,VISTA RICA INVEST,3029777206.02,13019.31,232714.1151120912
2025-04-25,VISTA RICA INVEST,3034461803.09,13040.06,232703.05528425483
2025-04-26,VISTA RICA INVEST,3034679894.71,13041.0,232703.00549881146
2025-04-27,VISTA RICA INVEST,3034776829.71,13041.41,232703.12256956878
2025-04-28,VISTA RICA INVEST,3033592683.06,13036.28,232703.8605384358
2025-04-29,VISTA RICA INVEST,3035180037.36,13043.1,232703.8846102537
2025-04-30,VISTA RICA INVEST,3037811954.43,13049.36,232793.941958073
2025-05-01,VISTA RICA INVEST,3050302926.01,13103.02,232793.88461667617
2025-05-02,VISTA RICA INVEST,3057426677.79,13133.62,232793.9043302608
2025-05-03,VISTA RICA INVEST,3057582165.9,13134.29,232793.8674949312
2025-05-04,VISTA RICA INVEST,3057798982.53,13135.22,232793.89173002055
2025-05-05,VISTA RICA INVEST,3065399974.53,13135.79,233362.43762499248
2025-05-06,VISTA RICA INVEST,3065073728.14,13129.35,233452.05422507587
2025-05-07,VISTA RICA INVEST,3063496529.5,13122.6,233451.94774663556
2025-05-08,VISTA RICA INVEST,3068522624.66,13144.23,233450.16213654203
2025-05-09,VISTA RICA INVEST,3072895716.16,13161.63,233473.7958869836
2025-05-10,VISTA RICA INVEST,3073112126.64,13162.56,233473.741174969
2025-05-11,VISTA RICA INVEST,3073328669.63,13163.49,233473.69653716453
2025-05-12,VISTA RICA INVEST,3087959179.27,13225.08,233492.66539559685
2025-05-13,VISTA RICA INVEST,3058242383.43,13257.03,230688.35051516062
2025-05-14,VISTA RICA INVEST,3055910403.25,13245.63,230710.83846143974
2025-05-15,VISTA RICA INVEST,3059599371.89,13237.44,231132.25607745905
2025-05-16,VISTA RICA INVEST,3060876525.24,13242.97,231132.1799596314
2025-05-17,VISTA RICA INVEST,3061151568.48,13244.16,231132.17965352276
2025-05-18,VISTA RICA INVEST,3061427530.2,13245.35,231132.24869105004
2025-05-19,VISTA RICA INVEST,3057259936.28,13251.37,230712.74413739864
2025-05-20,VISTA RICA INVEST,3052623533.16,13231.27,230712.81389919485
2025-05-21,VISTA RICA INVEST,3048730423.67,13210.02,230789.23602462374
2025-05-22,VISTA RICA INVEST,3051303452.66,13216.09,230877.92627471514
2025-05-23,VISTA RICA INVEST,3049287431.02,13207.42,230876.8427914006
2025-05-24,VISTA RICA INVEST,3049444355.47,13208.1,230876.83735510783
2025-05-25,VISTA RICA INVEST,3049661942.35,13209.04,230876.87995115464
2025-05-26,VISTA RICA INVEST,3044445205.81,13186.06,230883.6154097585
2025-05-27,VISTA RICA INVEST,3052468131.25,13220.81,230883.5942162394
2025-05-28,VISTA RICA INVEST,3058418380.0,13236.07,231066.954163887
2025-05-29,VISTA RICA INVEST,3064692558.36,13252.89,231247.11352467275
2025-05-30,VISTA RICA INVEST,3056013032.88,13230.96,230974.39890076005
2025-05-31,VISTA RICA INVEST,3055831161.17,13230.18,230974.26952392183
2025-06-01,VISTA RICA INVEST,3055929744.14,13230.6,230974.38847368976
2025-06-02,VISTA RICA INVEST,3056645503.4,13222.62,231167.9155417005
2025-06-03,VISTA RICA INVEST,3054455631.06,13213.25,231166.11212684237
2025-06-04,VISTA RICA INVEST,3059198672.05,13233.66,231167.99676355597
2025-06-05,VISTA RICA INVEST,3057765568.56,13227.62,231165.21101755265
2025-06-06,VISTA RICA INVEST,3061495131.62,13242.89,231180.2885639011
2025-06-07,VISTA RICA INVEST,3061657734.11,13243.59,231180.347180032
2025-06-08,VISTA RICA INVEST,3061878034.63,13244.54,231180.39846079968
2025-06-09,VISTA RICA INVEST,3067069493.94,13261.97,231268.01628566495
2025-06-10,VISTA RICA INVEST,3081832755.91,13274.15,232167.9923693796
2025-06-11,VISTA RICA INVEST,3089146967.42,13257.46,233011.97721282963
2025-06-12,VISTA RICA INVEST,3084304596.49,13236.88,233008.4277027517
2025-06-13,VISTA RICA INVEST,3081615939.04,13221.15,233082.2915586012
2025-06-14,VISTA RICA INVEST,3081777663.81,13221.85,233082.18318994693
2025-06-15,VISTA RICA INVEST,3081938734.74,13222.54,233082.20166019537
2025-06-16,VISTA RICA INVEST,3085350969.81,13237.53,233076.03229681065
2025-06-17,VISTA RICA INVEST,3081847600.76,13222.29,233079.71620347156
2025-06-18,VISTA RICA INVEST,3082838692.2,13226.64,233077.99200704033
2025-06-19,VISTA RICA INVEST,3083723323.04,13230.44,233077.9114708203
2025-06-20,VISTA RICA INVEST,3079234777.45,13211.18,233077.95196568358
2025-06-21,VISTA RICA INVEST,3079455431.2,13212.12,233078.07007505227
2025-06-22,VISTA RICA INVEST,3079676197.22,13213.07,233078.02026478326
2025-06-23,VISTA RICA INVEST,3081884047.09,13220.17,233119.84997847988
2025-06-24,VISTA RICA INVEST,3079373844.26,13209.61,233116.18164805774
2025-06-25,VISTA RICA INVEST,3080256639.82,13213.39,233116.3039780102
2025-06-26,VISTA RICA INVEST,3081918572.0,13216.23,233191.95958302784
2025-06-27,VISTA RICA INVEST,3085611288.67,13230.74,233215.32194495547
2025-06-28,VISTA RICA INVEST,3085797534.61,13231.54,233215.29728285596
2025-06-29,VISTA RICA INVEST,3086040908.61,13232.58,233215.36001369348
2025-06-30,VISTA RICA INVEST,3089350413.23,13226.4,233574.54887422128
2025-07-01,VISTA RICA INVEST,3090301980.28,13219.56,233767.38562251697
2025-07-02,VISTA RICA INVEST,3090190710.88,13217.15,233801.59193774755
2025-07-03,VISTA RICA INVEST,3092606899.08,13227.58,233799.901348546
2025-07-04,VISTA RICA INVEST,3091323478.94,13229.88,233662.24628945993
2025-07-05,VISTA RICA INVEST,3091608848.55,13231.1,233662.2690894937
2025-07-06,VISTA RICA INVEST,3091751830.19,13231.72,233662.12632900334
2025-07-07,VISTA RICA INVEST,3092082451.97,13233.09,233662.92014714627
2025-07-08,VISTA RICA INVEST,3092897552.13,13236.68,233661.12591148235
2025-07-09,VISTA RICA INVEST,3095042161.66,13245.86,233661.09574312274
2025-07-10,VISTA RICA INVEST,3095904189.73,13241.56,233802.07390443422
2025-07-11,VISTA RICA INVEST,3099214346.39,13254.72,233819.67679362523
2025-07-12,VISTA RICA INVEST,3099433263.87,13255.65,233819.78732615904
2025-07-13,VISTA RICA INVEST,3099652121.63,13256.59,233819.7169581318
2025-07-14,VISTA RICA INVEST,3130700057.78,13256.15,236169.63128661038
2025-07-15,VISTA RICA INVEST,3130871052.41,13257.08,236165.96206781582
2025-07-16,VISTA RICA INVEST,3131447023.14,13260.47,236149.02210404308
2025-07-17,VISTA RICA INVEST,3132244235.07,13263.85,236148.9488398919
2025-07-18,VISTA RICA INVEST,3132900431.03,13266.63,236148.92636864074
2025-07-19,VISTA RICA INVEST,3133159546.98,13267.73,236148.87753820737
2025-07-20,VISTA RICA INVEST,3133418418.16,13268.82,236148.988241607
2025-07-21,VISTA RICA INVEST,3139245713.93,13271.74,236536.10709145898
2025-07-22,VISTA RICA INVEST,3137581203.72,13264.7,236536.1601634413
2025-07-23,VISTA RICA INVEST,3143263671.29,13266.67,236929.36292905454
2025-07-24,VISTA RICA INVEST,3143015512.73,13265.63,236929.2308567328
2025-07-25,VISTA RICA INVEST,3144735602.74,13272.94,236928.3371084326
2025-07-26,VISTA RICA INVEST,3144884616.26,13273.57,236928.3181736338
2025-07-27,VISTA RICA INVEST,3145033944.18,13274.2,236928.32292567534
2025-07-28,VISTA RICA INVEST,3150564188.66,13270.95,237403.06373394516
2025-07-29,VISTA RICA INVEST,3344825066.15,14076.54,237616.99012328312
2025-07-30,VISTA RICA INVEST,3342889695.67,14058.3,237787.61981676306
2025-07-31,VISTA RICA INVEST,3345593229.07,14049.27,238132.887265317
2025-08-01,VISTA RICA INVEST,3339888205.22,14025.1,238136.4985076755
2025-08-02,VISTA RICA INVEST,3328471676.03,13977.16,238136.47951586734
2025-08-03,VISTA RICA INVEST,3329900808.69,13983.16,238136.50195592412
2025-08-04,VISTA RICA INVEST,3330050398.11,13969.09,238387.06731147127
2025-08-05,VISTA RICA INVEST,3322175991.73,13933.98,238422.61806963984
2025-08-06,VISTA RICA INVEST,3325545793.16,13927.25,238779.787334901
2025-08-07,VISTA RICA INVEST,3337729199.26,13969.56,238928.7278382426
2025-08-08,VISTA RICA INVEST,3335317960.8,13951.08,239072.3844175505
2025-08-09,VISTA RICA INVEST,3331692779.03,13935.92,239072.3238243331
2025-08-10,VISTA RICA INVEST,3326827419.82,13915.57,239072.3067628563
2025-08-11,VISTA RICA INVEST,3321910894.37,13893.54,239097.51541867657
2025-08-12,VISTA RICA INVEST,3321076615.04,13890.05,239097.5277295618
2025-08-13,VISTA RICA INVEST,3321754767.49,13892.38,239106.24151441295
2025-08-14,VISTA RICA INVEST,3319430770.02,13882.66,239106.24981235585
2025-08-15,VISTA RICA INVEST,3320749291.4,13887.72,239114.07282116864
2025-08-16,VISTA RICA INVEST,3318456951.56,13878.13,239114.12788034123
2025-08-17,VISTA RICA INVEST,3316172497.77,13868.58,239114.06198543758
2025-08-18,VISTA RICA INVEST,3314749907.21,13860.54,239150.12742721423
2025-08-19,VISTA RICA INVEST,3316879003.85,13869.44,239150.17505032645
2025-08-20,VISTA RICA INVEST,3315010756.09,13861.73,239148.41481474537
2025-08-21,VISTA RICA INVEST,3325843709.45,13847.86,240170.22915093016
2025-08-22,VISTA RICA INVEST,3335214081.84,13865.85,240534.41237572886
2025-08-23,VISTA RICA INVEST,3340289415.82,13886.95,240534.4165435895
2025-08-24,VISTA RICA INVEST,3344153030.82,13903.01,240534.46202081422
2025-08-25,VISTA RICA INVEST,3429031402.53,13890.54,246860.91415668506
2025-08-26,VISTA RICA INVEST,3431519704.28,13896.53,246933.5657376338
2025-08-27,VISTA RICA INVEST,3435599344.59,13911.23,246965.893353068
2025-08-28,VISTA RICA INVEST,3440728718.79,13922.08,247141.8580262432
2025-08-29,VISTA RICA INVEST,3443047466.65,13921.71,247314.98261707794
2025-08-30,VISTA RICA INVEST,3443229160.01,13922.44,247315.0654633814
2025-08-31,VISTA RICA INVEST,3442001759.32,13917.48,247315.01387607527
2025-09-01,VISTA RICA INVEST,3443659364.7,13913.97,247496.53511542716
2025-09-02,VISTA RICA INVEST,3445817035.16,13912.59,247676.1720973593
2025-09-03,VISTA RICA INVEST,3447337694.72,13918.73,247676.16691465385
2025-09-04,VISTA RICA INVEST,3461165607.84,13925.74,248544.46570451555
2025-09-05,VISTA RICA INVEST,3460859844.37,13924.47,248545.17582141366
2025-09-06,VISTA RICA INVEST,3461429099.89,13926.76,248545.1820732173
2025-09-07,VISTA RICA INVEST,3460403376.17,13922.63,248545.23722673088
2025-09-08,VISTA RICA INVEST,3460022325.27,13921.08,248545.5385120982
2025-09-09,VISTA RICA INVEST,3458717212.01,13906.3,248715.84907631794
2025-09-10,VISTA RICA INVEST,3458899758.21,13907.13,248714.13139950516
2025-09-11,VISTA RICA INVEST,3458147426.23,13904.11,248714.04399346668
2025-09-12,VISTA RICA INVEST,3463741397.23,13926.6,248714.0721518533
2025-09-13,VISTA RICA INVEST,3467686532.39,13942.46,248714.1101634862
2025-09-14,VISTA RICA INVEST,3470326666.99,13953.08,248714.02349803768
2025-09-15,VISTA RICA INVEST,3503259899.37,13967.81,250809.53273061418
2025-09-16,VISTA RICA INVEST,3486728229.94,13897.91,250881.4800167795
2025-09-17,VISTA RICA INVEST,3473530999.46,13845.31,250881.41756739287
2025-09-18,VISTA RICA INVEST,3503312365.13,13910.21,251851.86745059927
2025-09-19,VISTA RICA INVEST,3510748453.6,13939.12,251862.99089182098
2025-09-20,VISTA RICA INVEST,3515812500.11,13959.22,251863.10553956457
2025-09-21,VISTA RICA INVEST,3519721285.69,13974.74,251863.09625009124
2025-09-22,VISTA RICA INVEST,3529987136.16,14010.3,251956.57024903107
2025-09-23,VISTA RICA INVEST,3539614800.11,14046.73,251988.52687493816
2025-09-24,VISTA RICA INVEST,3545794523.98,14071.25,251988.5954680643
2025-09-25,VISTA RICA INVEST,3549677719.81,14086.66,251988.5991292471
2025-09-26,VISTA RICA INVEST,3559977662.33,14118.33,252152.8865191563
2025-09-27,VISTA RICA INVEST,3561479378.93,14124.29,252152.8076051964
2025-09-28,VISTA RICA INVEST,3560381449.94,14119.93,252152.91081046435
2025-09-29,VISTA RICA INVEST,3561098698.13,14113.26,252322.90045885925
2025-09-30,VISTA RICA INVEST,3560690288.24,14111.54,252324.7135493362
2025-10-01,VISTA RICA INVEST,3611797375.95,14282.79,252877.5803571991
2025-10-02,VISTA RICA INVEST,3654851752.77,14353.94,254623.5913463481
2025-10-03,VISTA RICA INVEST,3713358649.21,14379.04,258248.02276160297
2025-10-04,VISTA RICA INVEST,3714852120.08,14384.83,258247.8986599077
2025-10-05,VISTA RICA INVEST,3715007480.98,14385.43,258247.92731117527
2025-10-06,VISTA RICA INVEST,3729612951.21,14405.42,258903.4510073292
2025-10-07,VISTA RICA INVEST,3732583470.66,14407.12,259079.0852481273
2025-10-08,VISTA RICA INVEST,3737555367.0,14426.31,259079.09694162957
2025-10-09,VISTA RICA INVEST,3741491620.47,14422.48,259420.8222490168
2025-10-10,VISTA RICA INVEST,3725816219.57,14362.03,259421.28094496392
2025-10-11,VISTA RICA INVEST,3725972914.18,14362.63,259421.35348331052
2025-10-12,VISTA RICA INVEST,3726186503.56,14363.46,259421.23301488638
2025-10-13,VISTA RICA INVEST,3752625060.5,14368.72,261166.27371818785
2025-10-14,VISTA RICA INVEST,3753564837.01,14368.49,261235.85964913503
2025-10-15,VISTA RICA INVEST,3752538521.98,14364.56,261235.88345065914
2025-10-16,VISTA RICA INVEST,3753751796.16,14368.97,261240.14429426743
2025-10-17,VISTA RICA INVEST,3740299611.65,14317.48,261240.07937500175
2025-10-18,VISTA RICA INVEST,3737799276.2,14307.91,261240.06065176535
2025-10-19,VISTA RICA INVEST,3736631456.42,14303.44,261240.05528879765
2025-10-20,VISTA RICA INVEST,3755998485.73,14377.04,261249.77643033612
2025-10-21,VISTA RICA INVEST,3759174305.98,14385.17,261322.8975382286
2025-10-22,VISTA RICA INVEST,3757053990.48,14375.55,261350.2781097071
2025-10-23,VISTA RICA INVEST,3757693158.38,14377.99,261350.3805733625
2025-10-24,VISTA RICA INVEST,3878313976.82,14388.02,269551.61146703997
2025-10-25,VISTA RICA INVEST,3878493635.89,14388.69,269551.5461025291
2025-10-26,VISTA RICA INVEST,3880003104.56,14394.29,269551.54471391084
2025-10-27,VISTA RICA INVEST,3870417130.17,14390.22,268961.63715148205
2025-10-28,VISTA RICA INVEST,3871722012.12,14395.04,268962.226719759
2025-10-29,VISTA RICA INVEST,3875157246.51,14395.73,269187.9638274683
2025-10-30,VISTA RICA INVEST,3872538279.22,14386.0,269187.97992631723
2025-10-31,VISTA RICA INVEST,3882950513.72,14407.0,269518.32537794125
2025-11-01,VISTA RICA INVEST,3885797570.25,14417.56,269518.39078526467
2025-11-02,VISTA RICA INVEST,3884658733.16,14413.34,269518.2888324288
2025-11-03,VISTA RICA INVEST,3888789305.27,14422.38,269635.75396501826
2025-11-04,VISTA RICA INVEST,3888539889.03,14410.59,269839.0481604154
2025-11-05,VISTA RICA INVEST,3904624374.66,14433.13,270532.0588576421
2025-11-06,VISTA RICA INVEST,3897941212.2,14406.91,270560.53048155364
2025-11-07,VISTA RICA INVEST,3899788195.27,14408.2,270664.49627781403
2025-11-08,VISTA RICA INVEST,3897317689.01,14399.07,270664.5421551531
2025-11-09,VISTA RICA INVEST,3898824607.07,14404.64,270664.4947093437
2025-11-10,VISTA RICA INVEST,3904132946.96,14424.46,270660.59644243185
2025-11-11,VISTA RICA INVEST,3911101012.89,14450.2,270660.68378915166
2025-11-12,VISTA RICA INVEST,3914957119.11,14463.71,270674.47557438584
2025-11-13,VISTA RICA INVEST,3911521692.71,14451.02,270674.43631729804
2025-11-14,VISTA RICA INVEST,3913534188.17,14436.29,271090.02300244727
2025-11-15,VISTA RICA INVEST,3913714142.25,14436.95,271090.09467027313
2025-11-16,VISTA RICA INVEST,3911245746.58,14427.85,271089.99238140124
2025-11-17,VISTA RICA INVEST,3911726284.67,14429.74,271087.7870751656
2025-11-18,VISTA RICA INVEST,3914214074.55,14418.26,271476.17497187597
2025-11-19,VISTA RICA INVEST,3922068048.6,14426.93,271857.42556455184
2025-11-20,VISTA RICA INVEST,4008679520.26,14422.12,277953.5546965356
2025-11-21,VISTA RICA INVEST,4037982242.11,14421.52,279996.99352842144
2025-11-22,VISTA RICA INVEST,4039466813.22,14426.82,279997.0342195993
2025-11-23,VISTA RICA INVEST,4039630105.6,14427.41,279996.9021189527
2025-11-24,VISTA RICA INVEST,4050364765.59,14428.2,280725.5766893999
2025-11-25,VISTA RICA INVEST,4059852078.08,14455.35,280854.63707762177
2025-11-26,VISTA RICA INVEST,4064682802.74,14472.55,280854.6387982767
2025-11-27,VISTA RICA INVEST,4067613586.58,14472.53,281057.53358811483
2025-11-28,VISTA RICA INVEST,4079546555.18,14504.92,281252.60636942496
2025-11-29,VISTA RICA INVEST,4079722692.58,14505.55,281252.53386324545
2025-11-30,VISTA RICA INVEST,4079882069.06,14506.12,281252.46923781134
2025-12-01,VISTA RICA INVEST,4067188835.44,14459.62,281279.0955391635
2025-12-02,VISTA RICA INVEST,4113963225.39,14434.93,285000.56636159646
2025-12-03,VISTA RICA INVEST,4109010523.73,14415.69,285037.38105702883
2025-12-04,VISTA RICA INVEST,4109976930.96,14412.06,285176.2295577454
2025-12-05,VISTA RICA INVEST,4162850299.77,14413.34,288819.2674126885
2025-12-06,VISTA RICA INVEST,4163039274.71,14413.99,288819.35360784904
2025-12-07,VISTA RICA INVEST,4162939593.96,14413.65,288819.2507768678
2025-12-08,VISTA RICA INVEST,4186606854.03,14403.61,290663.71930578514
2025-12-09,VISTA RICA INVEST,4269066373.01,14416.89,296115.6236199347
2025-12-10,VISTA RICA INVEST,4374282567.64,14410.7,303544.0726432443
2025-12-11,VISTA RICA INVEST,4684413502.19,14435.02,324517.2851987735
2025-12-12,VISTA RICA INVEST,4682984892.21,14424.34,324658.5210976724
2025-12-13,VISTA RICA INVEST,4684509150.52,14429.04,324658.40766398876
2025-12-14,VISTA RICA INVEST,4684738557.79,14429.75,324658.33141877025
2025-12-15,VISTA RICA INVEST,4894368365.33,14407.24,339715.89043633617
2025-12-16,VISTA RICA INVEST,5152346048.41,14400.25,357795.59718824323
2025-12-17,VISTA RICA INVEST,5220145440.39,14535.84,359122.37891927816
2025-12-18,VISTA RICA INVEST,5258643562.43,14519.81,362170.27374531765
2025-12-19,VISTA RICA INVEST,5303363504.49,14526.67,365077.7159865268
2025-12-20,VISTA RICA INVEST,5303900610.12,14528.14,365077.74636808294
2025-12-21,VISTA RICA INVEST,5304158069.12,14528.85,365077.6261796357
2025-12-22,VISTA RICA INVEST,5345478245.94,14532.74,367823.15282183536
2025-12-23,VISTA RICA INVEST,5379399116.49,14557.45,369528.9433582117
2025-12-24,VISTA RICA INVEST,5489618046.0,14568.56,376812.67373027944
2025-12-25,VISTA RICA INVEST,5700678198.44,14586.64,390815.03337574657
2025-12-26,VISTA RICA INVEST,5881611286.4,14596.34,402951.10187896417
2025-12-27,VISTA RICA INVEST,5883480540.44,14600.98,402951.0718075088
2025-12-28,VISTA RICA INVEST,5885340245.73,14605.59,402951.21564620116
2025-12-29,VISTA RICA INVEST,6101489900.47,14609.86,417628.22508018557
2025-12-30,VISTA RICA INVEST,6506272467.15,14542.42,447399.57085203147
2025-12-31,VISTA RICA INVEST,6739109095.32,14505.72,464582.87457085896
2026-01-01,VISTA RICA INVEST,6728981815.71,14483.93,464582.5971065864
2026-01-02,VISTA RICA INVEST,6725836489.7,14477.16,464582.59007291484
2026-01-03,VISTA RICA INVEST,6721610158.79,14468.06,464582.6848098501
2026-01-04,VISTA RICA INVEST,6720333874.82,14465.31,464582.7759529523
2026-01-05,VISTA RICA INVEST,6743924822.8,14505.23,464930.5679951301
2026-01-06,VISTA RICA INVEST,6758004140.89,14535.52,464930.3321030139
2026-01-07,VISTA RICA INVEST,6750359563.25,14519.07,464930.57497828716
2026-01-08,VISTA RICA INVEST,6752284754.13,14522.66,464948.20880816603
2026-01-09,VISTA RICA INVEST,6761259554.49,14531.26,465290.65989391145
2026-01-10,VISTA RICA INVEST,6759955001.87,14528.46,465290.54021348443
2026-01-11,VISTA RICA INVEST,6760477226.42,14529.58,465290.6158622617
2026-01-12,VISTA RICA INVEST,6754466959.57,14516.88,465283.653207163
2026-01-13,VISTA RICA INVEST,6742157563.55,14490.43,465283.4707838208
2026-01-14,VISTA RICA INVEST,6729107820.27,14462.3,465286.14537590847
2026-01-15,VISTA RICA INVEST,6732077947.32,14468.52,465291.4014232278
2026-01-16,VISTA RICA INVEST,6736862226.15,14478.81,465291.15487736906
2026-01-17,VISTA RICA INVEST,6737170774.23,14479.47,465291.2554278575
2026-01-18,VISTA RICA INVEST,6737477003.28,14480.13,465291.19581661216
2026-01-19,VISTA RICA INVEST,6734684337.38,14474.18,465289.5250287063
2026-01-20,VISTA RICA INVEST,6720214062.09,14419.47,466051.39177029394
2026-01-21,VISTA RICA INVEST,6715286172.47,14408.57,466061.9459439764
2026-01-22,VISTA RICA INVEST,6747677581.99,14467.35,466407.29518467444
2026-01-23,VISTA RICA INVEST,6758093568.0,14489.71,466406.4062013664
2026-01-24,VISTA RICA INVEST,6761765392.78,14497.58,466406.4894127158
2026-01-25,VISTA RICA INVEST,6765444011.14,14505.47,466406.39780303574
2026-01-26,VISTA RICA INVEST,6768125446.76,14509.83,466451.0505471119
2026-01-27,VISTA RICA INVEST,6765004902.54,14501.0,466519.888458727
2026-01-28,VISTA RICA INVEST,6778561373.65,14530.06,466519.8473819103
2026-01-29,VISTA RICA INVEST,6790897123.41,14546.3,466847.0417501358
2026-01-30,VISTA RICA INVEST,6787701129.71,14539.24,466853.91600317485
2026-01-31,VISTA RICA INVEST,6791178773.59,14546.69,466853.88728226145
2026-02-01,VISTA RICA INVEST,6787881280.4,14539.63,466853.7837895462
2026-02-02,VISTA RICA INVEST,6793822145.47,14551.74,466873.5247791673
2026-02-03,VISTA RICA INVEST,6757149424.39,14473.19,466873.5382033954
2026-02-04,VISTA RICA INVEST,6735354882.32,14426.61,466870.24064003944
2026-02-05,VISTA RICA INVEST,6713507836.21,14379.9,466867.49116544623
2026-02-06,VISTA RICA INVEST,6722534373.46,14399.22,466867.95350442594
2026-02-07,VISTA RICA INVEST,6722647726.1,14399.46,466868.0440863755
2026-02-08,VISTA RICA INVEST,6723036770.1,14400.3,466867.8270661028
2026-02-09,VISTA RICA INVEST,6734146815.37,14424.07,466868.70039940183
2026-02-10,VISTA RICA INVEST,6725821513.56,14406.29,466867.00833871873
2026-02-11,VISTA RICA INVEST,6701854337.49,14354.59,466878.84066977876
2026-02-12,VISTA RICA INVEST,6638072854.63,14212.62,467054.83258048125
2026-02-13,VISTA RICA INVEST,6600649775.25,14132.5,467054.6453387582
2026-02-14,VISTA RICA INVEST,6585946737.77,14101.02,467054.634187456
2026-02-15,VISTA RICA INVEST,6586311408.44,14101.8,467054.6602873392
2026-02-16,VISTA RICA INVEST,6583850894.02,14096.53,467054.72155346035
2026-02-17,VISTA RICA INVEST,6583395957.63,14095.56,467054.58723385236
2026-02-18,VISTA RICA INVEST,6664329881.16,14269.11,467045.9391763046
2026-02-19,VISTA RICA INVEST,6638820070.13,14214.17,467056.4704186034
2026-02-20,VISTA RICA INVEST,6648148293.93,14230.94,467161.5714724396
2026-02-21,VISTA RICA INVEST,6635609605.76,14204.1,467161.5664322273
2026-02-22,VISTA RICA INVEST,6627483100.63,14186.7,467161.71489000256
2026-02-23,VISTA RICA INVEST,6675844708.09,14291.7,467113.4090479089
2026-02-24,VISTA RICA INVEST,6768434429.12,14447.13,468496.8176461346
2026-02-25,VISTA RICA INVEST,6929039180.32,14790.05,468493.28976710694
2026-02-26,VISTA RICA INVEST,6953014015.48,14791.19,470078.0677876492
2026-02-27,VISTA RICA INVEST,6926266049.49,14734.05,470085.68923615705
2026-02-28,VISTA RICA INVEST,6938964807.57,14761.07,470085.4888954527
2026-03-01,VISTA RICA INVEST,6940337122.73,14763.99,470085.46624117193
2026-03-02,VISTA RICA INVEST,6946815675.99,14771.54,470283.78056654887
2026-03-03,VISTA RICA INVEST,6948367488.49,14774.81,470284.72707872384
2026-03-04,VISTA RICA INVEST,6992845047.52,14869.42,470283.6457319788
2026-03-05,VISTA RICA INVEST,7001392732.17,14887.62,470282.8747758204
2026-03-06,VISTA RICA INVEST,6979696951.64,14841.54,470281.18050013675
2026-03-07,VISTA RICA INVEST,6984417475.23,14851.58,470281.1064701533
2026-03-08,VISTA RICA INVEST,6979830374.86,14841.83,470280.98117684945
2026-03-09,VISTA RICA INVEST,6989875003.78,14863.28,470278.0949951827
2026-03-10,VISTA RICA INVEST,6970574082.33,14823.45,470239.6596156765
2026-03-11,VISTA RICA INVEST,6963567715.08,14808.55,470239.6733697763
2026-03-12,VISTA RICA INVEST,6947904775.41,14775.24,470239.72371413256
2026-03-13,VISTA RICA INVEST,6960554812.08,14802.17,470238.8103960433
2026-03-14,VISTA RICA INVEST,6965527967.72,14812.75,470238.6773367538
2026-03-15,VISTA RICA INVEST,6967319784.56,14816.56,470238.6913399602
2026-03-16,VISTA RICA INVEST,6994634531.19,14874.15,470254.40318875364
2026-03-17,VISTA RICA INVEST,6999340138.03,14884.33,470248.92205628334
2026-03-18,VISTA RICA INVEST,6957353224.73,14794.72,470259.20225120854
2026-03-19,VISTA RICA INVEST,6949525888.74,14778.14,470257.14255921246
2026-03-20,VISTA RICA INVEST,6934964314.11,14747.2,470256.34114340344
2026-03-21,VISTA RICA INVEST,6938288706.39,14754.27,470256.31945125037
2026-03-22,VISTA RICA INVEST,6936646907.81,14750.78,470256.27850256057
2026-03-23,VISTA RICA INVEST,6953450020.22,14786.51,470256.3363647
2026-03-24,VISTA RICA INVEST,6922840881.38,14721.54,470252.49269981263
2026-03-25,VISTA RICA INVEST,6936348609.3,14750.26,470252.633465444
2026-03-26,VISTA RICA INVEST,6928256864.33,14733.46,470239.6357902353
2026-03-27,VISTA RICA INVEST,6906630851.65,14687.66,470233.57373809034
2026-03-28,VISTA RICA INVEST,6911670091.73,14698.37,470233.78046205116
2026-03-29,VISTA RICA INVEST,6908673132.88,14692.0,470233.67362374085
2026-03-30,VISTA RICA INVEST,6918695746.88,14713.2,470237.32069706114
2026-03-31,VISTA RICA INVEST,6959519592.06,14794.87,470400.86138370936
2026-04-01,VISTA RICA INVEST,6950687646.7,14776.0,470403.8743029236
2026-04-02,VISTA RICA INVEST,6943069994.98,14759.81,470403.7514697005
2026-04-03,VISTA RICA INVEST,6937799201.39,14749.74,470367.55911561835
2026-04-04,VISTA RICA INVEST,6871591615.31,14608.98,470367.6516300249
2026-04-05,VISTA RICA INVEST,6845826564.89,14554.21,470367.44453254424
2026-04-06,VISTA RICA INVEST,6849421401.02,14560.97,470395.9558339864
2026-04-07,VISTA RICA INVEST,6841071292.92,14543.22,470395.9159608395
2026-04-08,VISTA RICA INVEST,6854491067.13,14571.75,470395.8733254414
2026-04-09,VISTA RICA INVEST,6854608605.16,14572.05,470394.2551089243
2026-04-10,VISTA RICA INVEST,6848865185.26,14559.84,470394.26156194025
2026-04-11,VISTA RICA INVEST,6849072922.09,14560.29,470393.99092257087
2026-04-12,VISTA RICA INVEST,6847663533.22,14557.29,470394.1140981598
2026-04-13,VISTA RICA INVEST,6951103775.22,14777.19,470394.1530981195
2026-04-14,VISTA RICA INVEST,7008335782.09,14898.73,470398.20052380307
2026-04-15,VISTA RICA INVEST,7040972036.35,14968.11,470398.20233483054
2026-04-16,VISTA RICA INVEST,7055524280.67,14999.1,470396.5091685501
2026-04-17,VISTA RICA INVEST,7072245816.41,15029.44,470559.50297615875
2026-04-18,VISTA RICA INVEST,7072447873.19,15029.87,470559.4840933421
2026-04-19,VISTA RICA INVEST,7076237582.7,15037.92,470559.59751747584
2026-04-20,VISTA RICA INVEST,7074182819.74,15033.47,470562.20684512623
2026-04-21,VISTA RICA INVEST,7064288881.17,15012.45,470562.0255967547
2026-04-22,VISTA RICA INVEST,7080505763.36,15047.05,470557.734795857
2026-04-23,VISTA RICA INVEST,7054861898.63,14971.1,471232.0336267876
2026-04-24,VISTA RICA INVEST,7079101411.98,15022.59,471230.42111779656
2026-04-25,VISTA RICA INVEST,7079024321.22,15022.43,471230.308360232
2026-04-26,VISTA RICA INVEST,7081841984.93,15028.41,471230.28882829257
2026-04-27,VISTA RICA INVEST,7066079550.3,15003.23,470970.5543606277
2026-04-28,VISTA RICA INVEST,7047018961.27,14962.76,470970.5269128156
2026-04-29,VISTA RICA INVEST,7032512626.28,14931.46,470986.26834080525
2026-04-30,VISTA RICA INVEST,7017666708.74,14899.61,470996.6709692401
2026-05-01,VISTA RICA INVEST,7029293541.47,14924.29,470996.8475197145
2026-05-02,VISTA RICA INVEST,7022853587.38,14910.62,470996.7518037479
2026-05-03,VISTA RICA INVEST,7018042508.45,14900.4,470996.92011288286
2026-05-04,VISTA RICA INVEST,7020750340.8,14905.97,471002.5808987943
2026-05-05,VISTA RICA INVEST,7023897211.67,14907.79,471156.1681288776
2026-05-06,VISTA RICA INVEST,7037362655.48,14928.2,471414.0121032676
2026-05-07,VISTA RICA INVEST,7037965367.94,14929.48,471413.9653852646
2026-05-08,VISTA RICA INVEST,7018143224.39,14887.3,471418.1365586776
2026-05-09,VISTA RICA INVEST,7018229144.24,14887.48,471418.20806745
2026-05-10,VISTA RICA INVEST,7016430092.22,14883.67,471418.00995453406
2026-05-11,VISTA RICA INVEST,7000195904.83,14849.23,471418.1075267876
2026-05-12,VISTA RICA INVEST,6989838542.12,14851.57,470646.4395427554
2026-05-13,VISTA RICA INVEST,6975343478.48,14819.48,470687.46531457244
2026-05-14,VISTA RICA INVEST,6969690168.33,14807.47,470687.44142854924
2026-05-15,VISTA RICA INVEST,6977558029.69,14824.2,470686.9867979385
2026-05-16,VISTA RICA INVEST,6976187714.96,14821.29,470686.94526319904
2026-05-17,VISTA RICA INVEST,6976427459.66,14821.79,470687.2422062382
2026-05-18,VISTA RICA INVEST,6997448554.77,14851.58,471158.5268887216
2026-05-19,VISTA RICA INVEST,6936528282.92,14721.97,471168.4837640615
2026-05-20,VISTA RICA INVEST,6942076488.41,14733.68,471170.5757427879
2026-05-21,VISTA RICA INVEST,6958461825.72,14717.24,472810.2433418223
2026-05-22,VISTA RICA INVEST,6951839010.69,14699.66,472925.15681927337
2026-05-23,VISTA RICA INVEST,6942653339.95,14680.24,472925.05708012945
2026-05-24,VISTA RICA INVEST,6937838319.23,14670.06,472925.0132058083
2026-05-25,VISTA RICA INVEST,6946467708.04,14662.93,473743.4951977538
2026-05-26,VISTA RICA INVEST,6944579352.18,14653.98,473903.9736767759
2026-05-27,VISTA RICA INVEST,6971524434.21,14707.68,474005.7190671812
2026-05-28,VISTA RICA INVEST,6955486952.83,14673.63,474012.69848224334
2026-05-29,VISTA RICA INVEST,6949491668.19,14660.9,474015.35159437684
2026-05-30,VISTA RICA INVEST,6939638382.27,14640.11,474015.4535908542
2026-05-31,VISTA RICA INVEST,6939450372.38,14639.71,474015.56262931443
2026-06-01,VISTA RICA INVEST,6962859574.36,14683.29,474202.9595792223
2026-06-02,VISTA RICA INVEST,6955956589.54,14667.66,474237.648646069
2026-06-03,VISTA RICA INVEST,6943076248.21,14640.34,474242.82825467165
2026-06-04,VISTA RICA INVEST,6963020186.18,14682.4,474242.64331308234
2026-06-05,VISTA RICA INVEST,6923925733.02,14599.96,474242.78785832296
2026-06-06,VISTA RICA INVEST,6922557336.96,14597.08,474242.611327745
2026-06-07,VISTA RICA INVEST,6925689690.15,14603.68,474242.7723799754
2026-06-08,VISTA RICA INVEST,6943392332.92,14640.97,474244.0106714241
2026-06-09,VISTA RICA INVEST,6931590592.38,14616.08,474244.16070382757
2026-06-10,VISTA RICA INVEST,6908878541.63,14566.95,474284.4961800514
2026-06-11,VISTA RICA INVEST,6915529156.41,14580.97,474284.574785491
2026-06-12,VISTA RICA INVEST,6891363003.94,14530.02,474284.4816414568
2026-06-13,VISTA RICA INVEST,6885778347.15,14518.25,474284.32126117125
2026-06-14,VISTA RICA INVEST,6880308828.79,14506.72,474284.2509395646
2026-06-15,VISTA RICA INVEST,6915603455.46,14581.03,474287.7187318042
2026-06-16,VISTA RICA INVEST,6920425577.92,14591.31,474284.0483767393
2026-06-17,VISTA RICA INVEST,6868797584.82,14482.46,474283.8982341398
2026-06-18,VISTA RICA INVEST,6882418673.04,14511.18,474283.8744361244
2026-06-19,VISTA RICA INVEST,6918044178.77,14585.97,474294.41982740955
2026-06-20,VISTA RICA INVEST,6916943663.91,14583.65,474294.4094180812
2026-06-21,VISTA RICA INVEST,6918215474.38,14586.33,474294.45750781725
2026-06-22,VISTA RICA INVEST,6877064963.96,14499.57,474294.40762450197
2026-06-23,VISTA RICA INVEST,6868878757.49,14482.31,474294.41556561075
2026-06-24,VISTA RICA INVEST,6867362580.19,14479.12,474294.1960692362
2026-06-25,VISTA RICA INVEST,6837255726.38,14415.69,474292.6440829402
2026-06-26,VISTA RICA INVEST,6915421201.67,14580.5,474292.4592208772
2026-06-27,VISTA RICA INVEST,6932599885.45,14616.72,474292.44628411846
2026-06-28,VISTA RICA INVEST,6944516395.21,14641.84,474292.60224193137
2026-06-29,VISTA RICA INVEST,6960810321.47,14676.2,474292.4136677069
2026-06-30,VISTA RICA INVEST,6970051546.85,14684.57,474651.3889647433
2026-07-01,VISTA RICA INVEST,7022854963.73,14794.61,474690.10428324906
2026-07-02,VISTA RICA INVEST,7048909480.13,14849.55,474688.42356367706
2026-07-03,VISTA RICA INVEST,7041057560.36,14832.93,474690.94510390057
2026-07-04,VISTA RICA INVEST,7041146652.53,14833.11,474691.1910266963
2026-07-05,VISTA RICA INVEST,7043922458.92,14838.96,474691.1143988528
2026-07-06,VISTA RICA INVEST,7058786612.03,14870.27,474691.2202690334
2026-07-07,VISTA RICA INVEST,7060969623.16,14874.87,474691.1820513389
2026-07-08,VISTA RICA INVEST,7060702708.06,14874.31,474691.1089025306
2026-07-09,VISTA RICA INVEST,7079494109.67,14913.62,474699.91254101956
2026-07-10,VISTA RICA INVEST,7097876859.66,14950.23,474767.06777487707
2026-07-11,VISTA RICA INVEST,7099323529.06,14953.28,474766.97614570183
2026-07-12,VISTA RICA INVEST,7098174339.22,14950.86,474766.9591729171
2026-07-13,VISTA RICA INVEST,7088547773.02,14930.48,474770.25340243586
2026-07-14,VISTA RICA INVEST,7080905154.63,14914.38,474770.33270105766
2026-07-15,VISTA RICA INVEST,7134710864.04,15026.45,474810.1423849279
2026-07-16,VISTA RICA INVEST,7130490168.32,15017.37,474816.17409173504
2026-07-17,VISTA RICA INVEST,7107946422.57,14969.63,474824.456086757
2026-07-18,VISTA RICA INVEST,7132270216.31,15020.86,474824.3586791968
2026-07-19,VISTA RICA INVEST,7141953953.8,15041.25,474824.49622205604
2026-07-20,VISTA RICA INVEST,7155638070.22,15070.07,474824.47461889696
2026-07-21,VISTA RICA INVEST,7170857903.03,15102.12,474824.58774198586
2026-07-22,VISTA RICA INVEST,7160872164.27,15081.09,474824.5759603583
2026-07-23,VISTA RICA INVEST,7121458957.13,14998.09,474824.39144784433
2026-07-24,VISTA RICA INVEST,7145577591.23,15048.88,474824.5444996571
2026-07-25,VISTA RICA INVEST,7152677276.79,15063.83,474824.6147752597
2026-07-26,VISTA RICA INVEST,7159952069.6,15079.16,474824.3317001743
2026-07-27,VISTA RICA INVEST,7193105010.51,15148.98,474824.37830863864
2026-07-28,VISTA RICA INVEST,7234170274.9,15235.46,474824.5392590706
2026-07-29,VISTA RICA INVEST,7255922325.99,15281.27,474824.56143959233
2026-07-30,VISTA RICA INVEST,7296489222.09,15360.97,475001.8535346401
2026-07-31,VISTA RICA INVEST,7303493329.01,15375.41,475011.2893906569
2026-08-01,VISTA RICA INVEST,7307963757.85,15384.82,475011.3266096061
2026-08-02,VISTA RICA INVEST,7312417446.65,15394.2,475011.2020533707
2026-08-03,VISTA RICA INVEST,7349139076.66,15471.35,475016.0184250243
2026-08-04,VISTA RICA INVEST,7378059248.77,15532.23,475016.09548467933
2026-08-05,VISTA RICA INVEST,7380752187.39,15537.48,475028.90992554784
2026-08-06,VISTA RICA INVEST,7380987636.42,15537.34,475048.3439520536
2026-08-07,VISTA RICA INVEST,7410062370.3,15598.55,475048.15321295895
2026-08-08,VISTA RICA INVEST,7413117510.41,15604.98,475048.19041165063
2026-08-09,VISTA RICA INVEST,7413339665.5,15605.45,475048.1187982403
2026-08-10,VISTA RICA INVEST,7430669532.62,15641.99,475046.3037388465
2026-08-11,VISTA RICA INVEST,7441515147.85,15664.73,475049.0527350296
2026-08-12,VISTA RICA INVEST,7431798574.22,15644.28,475048.9363665186
2026-08-13,VISTA RICA INVEST,7407277231.6,15592.55,475052.3315044685
2026-08-14,VISTA RICA INVEST,7381821262.44,15539.06,475049.4085510964
2026-08-15,VISTA RICA INVEST,7377854686.01,15530.71,475049.4140969731
2026-08-16,VISTA RICA INVEST,7375264317.24,15525.25,475049.6331614628
2026-08-17,VISTA RICA INVEST,7347487061.77,15466.77,475049.8689622979
2026-08-18,VISTA RICA INVEST,7341586457.29,15454.35,475049.83757259283
2026-08-19,VISTA RICA INVEST,7384608603.74,15544.6,475059.416372245
2026-08-20,VISTA RICA INVEST,7379735456.62,15534.34,475059.4783312326
2026-08-21,VISTA RICA INVEST,7397101200.55,15570.89,475059.6273270186
2026-08-22,VISTA RICA INVEST,7398792326.38,15574.45,475059.6217766919
2026-08-23,VISTA RICA INVEST,7399029701.15,15574.95,475059.6118221888
2026-08-24,VISTA RICA INVEST,7403297178.88,15583.93,475059.70438008895
2026-08-25,VISTA RICA INVEST,7421310159.76,15621.85,475059.6222444845
2026-08-26,VISTA RICA INVEST,7411316399.38,15600.82,475059.4135039056
2026-08-27,VISTA RICA INVEST,7420946277.06,15616.03,475213.3722245667
2026-08-28,VISTA RICA INVEST,7420802590.41,15615.73,475213.3003330616
2026-08-29,VISTA RICA INVEST,7418243670.95,15610.35,475213.15479473554
2026-08-30,VISTA RICA INVEST,7415656813.35,15604.9,475213.3505084942
2026-08-31,VISTA RICA INVEST,7404612869.69,15581.61,475214.8763632256
2026-09-01,VISTA RICA INVEST,7387278663.34,15535.16,475519.96009954193
2026-09-02,VISTA RICA INVEST,7404238576.3,15570.83,475519.8391029894
2026-09-03,VISTA RICA INVEST,7402945219.8,15567.69,475532.6718222164
2026-09-04,VISTA RICA INVEST,7394723304.52,15539.88,475854.5950496401
2026-09-05,VISTA RICA INVEST,7395014354.21,15540.49,475854.6451373155
2026-09-06,VISTA RICA INVEST,7395305253.56,15541.1,475854.6855473551
2026-09-07,VISTA RICA INVEST,7400564452.25,15552.11,475855.97402860445
2026-09-08,VISTA RICA INVEST,7384951906.87,15519.31,475855.68603694363
2026-09-09,VISTA RICA INVEST,7393638668.94,15501.89,476950.7891579672
2026-09-10,VISTA RICA INVEST,7377606730.49,15466.71,476999.0987411027
2026-09-11,VISTA RICA INVEST,7415410774.98,15545.96,476999.218766805
2026-09-12,VISTA RICA INVEST,7428332029.28,15573.05,476999.1767367343
2026-09-13,VISTA RICA INVEST,7407623531.56,15529.64,476999.0503038062
2026-09-14,VISTA RICA INVEST,7409649483.05,15533.78,477002.3447641205
2026-09-15,VISTA RICA INVEST,7387806432.13,15487.99,477002.2728662661
2026-09-16,VISTA RICA INVEST,7372972835.1,15456.73,477007.28647650575
2026-09-17,VISTA RICA INVEST,7396148617.53,15504.58,477029.9239018406
2026-09-18,VISTA RICA INVEST,7390790815.99,15493.04,477039.4200227973
2026-09-19,VISTA RICA INVEST,7393841967.04,15499.43,477039.60513644695
2026-09-20,VISTA RICA INVEST,7395467330.84,15502.84,477039.5186198142
2026-09-21,VISTA RICA INVEST,7407666683.91,15528.41,477039.61216312554
2026-09-22,VISTA RICA INVEST,7402522765.72,15517.64,477039.21251685184
2026-09-23,VISTA RICA INVEST,7402304686.54,15517.21,477038.37781018624
2026-09-24,VISTA RICA INVEST,7409745102.08,15527.83,477191.28185200377
2026-09-25,VISTA RICA INVEST,7423229934.98,15551.69,477326.2542514672
2026-09-26,VISTA RICA INVEST,7433531095.22,15573.27,477326.2837682773
2026-09-27,VISTA RICA INVEST,7428078790.1,15561.85,477326.2041531052
2026-09-28,VISTA RICA INVEST,7408172587.0,15520.14,477326.40214585693
2026-09-29,VISTA RICA INVEST,7428671089.3,15558.06,477480.5528002849
2026-09-30,VISTA RICA INVEST,7427374013.34,15555.35,477480.35327652545
2026-10-01,VISTA RICA INVEST,7419424671.15,15538.44,477488.38822623115
2026-10-02,VISTA RICA INVEST,7427467989.31,15555.08,477494.6827216575
2026-10-03,VISTA RICA INVEST,7426403511.22,15552.85,477494.70426449174
2026-10-04,VISTA RICA INVEST,7426738827.5,15553.55,477494.77305824077
2026-10-05,VISTA RICA INVEST,7447011303.01,15595.8,477501.07740609656
2026-10-06,VISTA RICA INVEST,7449372163.69,15600.8,477499.36949964106
2025-09-05,VISTA CASH,275500000.0,10000.0,27550.0
2025-09-06,VISTA CASH,275526232.9,10000.95,27550.00603942625
2025-09-07,VISTA CASH,275552465.2,10001.9,27550.012017716635
2025-09-08,VISTA CASH,275628702.8,10002.86,27554.989552987845
2025-09-09,VISTA CASH,282655765.04,10003.84,28254.726688951443
2025-09-10,VISTA CASH,282701518.17,10005.46,28254.724737293443
2025-09-11,VISTA CASH,299749286.77,10007.15,29953.511915980074
2025-09-12,VISTA CASH,299796675.75,10008.73,29953.518153651865
2025-09-13,VISTA CASH,299844073.27,10010.31,29953.525242475007
2025-09-14,VISTA CASH,299891479.32,10011.9,29953.50326311689
2025-09-15,VISTA CASH,300138917.54,10013.48,29973.48749285963
2025-09-16,VISTA CASH,300186359.74,10015.06,29973.495889190883
2025-09-17,VISTA CASH,300233810.48,10016.65,29973.475211772402
2025-09-18,VISTA CASH,307282096.15,10018.26,30672.20217383058
2025-09-19,VISTA CASH,1307948342.41,10023.68,130485.84376296929
2025-09-20,VISTA CASH,1308092179.22,10024.78,130485.87392641035
2025-09-21,VISTA CASH,1308236022.43,10025.88,130485.90472158056
2025-09-22,VISTA CASH,1308879931.09,10026.98,130535.80750036401
2025-09-23,VISTA CASH,1409102966.45,10028.69,140507.1815411584
2025-09-24,VISTA CASH,1409330522.92,10030.31,140507.17504444032
2025-09-25,VISTA CASH,1409558121.73,10031.93,140507.1727703443
2025-09-26,VISTA CASH,1409785762.89,10033.55,140507.17471782173
2025-09-27,VISTA CASH,1410013446.39,10035.17,140507.18088383158
2025-09-28,VISTA CASH,1410241172.24,10036.79,140507.1912673275
2025-09-29,VISTA CASH,1410468940.48,10038.41,140507.20587025236
2025-09-30,VISTA CASH,1413246554.24,10056.76,140527.02403557408
2025-10-01,VISTA CASH,1413721730.11,10060.14,140527.04337215982
2025-10-02,VISTA CASH,1413923816.97,10061.58,140527.01633043718
2025-10-03,VISTA CASH,1391969311.3,10063.02,138325.2056837808
2025-10-04,VISTA CASH,1392173361.53,10064.5,138325.13900640866
2025-10-05,VISTA CASH,1392376969.22,10065.97,138325.16580319632
2025-10-06,VISTA CASH,1393075639.25,10067.41,138374.77953614685
2025-10-07,VISTA CASH,1398274444.96,10068.84,138871.4534107206
2025-10-08,VISTA CASH,1409474933.4,10070.29,139963.68857302025
2025-10-09,VISTA CASH,1409674730.91,10071.72,139963.65376618892
2025-10-10,VISTA CASH,1424879946.5,10073.17,141452.98317212952
2025-10-11,VISTA CASH,1425081847.71,10074.59,141453.08620102654
2025-10-12,VISTA CASH,1425554959.43,10077.94,141453.01117391055
2025-10-13,VISTA CASH,1425756907.77,10079.37,141452.97848675065
2025-10-14,VISTA CASH,1425958412.72,10080.79,141453.04214451445
2025-10-15,VISTA CASH,1426160414.31,10082.22,141453.01474377667
2025-10-16,VISTA CASH,1426361972.53,10083.64,141453.08366125726
2025-10-17,VISTA CASH,1426835211.28,10086.99,141453.02129574827
2025-10-18,VISTA CASH,1427037286.68,10088.42,141453.0012311145
2025-10-19,VISTA CASH,1427238918.74,10089.84,141453.0774264012
2025-10-20,VISTA CASH,1427440577.45,10091.27,141453.01606735325
2025-10-21,VISTA CASH,1467646984.95,10092.73,145416.25357559352
2025-10-22,VISTA CASH,1467858374.88,10094.18,145416.30671139213
2025-10-23,VISTA CASH,1470375138.63,10095.67,145644.13640996587
2025-10-24,VISTA CASH,1490017906.49,10095.28,147595.5007181574
2025-10-25,VISTA CASH,1490231450.07,10096.73,147595.45417872915
2025-10-26,VISTA CASH,1490445022.71,10098.17,147595.5566909648
2025-10-27,VISTA CASH,1651477137.34,10099.75,163516.63529691327
2025-10-28,VISTA CASH,1652706249.89,10101.15,163615.65266232064
2025-10-29,VISTA CASH,1652934898.69,10102.55,163615.61177029563
2025-10-30,VISTA CASH,1653187760.04,10103.97,163617.64336592448
2025-10-31,VISTA CASH,1655360730.14,10105.03,163815.51862191403
2025-11-01,VISTA CASH,1655613849.33,10106.45,163817.54714365577
2025-11-02,VISTA CASH,1656147035.21,10107.87,163847.2828805673
2025-11-03,VISTA CASH,1656379798.81,10109.29,163847.2928177943
2025-11-04,VISTA CASH,1656613064.19,10110.72,163847.19032769182
2025-11-05,VISTA CASH,1657920092.47,10118.69,163847.30557710532
2025-11-06,VISTA CASH,1649031930.06,10120.05,162947.01410170898
2025-11-07,VISTA CASH,1651481231.28,10135.08,162947.03458482813
2025-11-08,VISTA CASH,1651692258.13,10136.38,162946.95523747138
2025-11-09,VISTA CASH,1651903304.2,10137.67,162947.03854041413
2025-11-10,VISTA CASH,1652255304.45,10138.97,162960.86332733996
2025-11-11,VISTA CASH,1651471193.63,10134.16,162960.83677680243
2025-11-12,VISTA CASH,1651186493.67,10132.42,162960.72346685195
2025-11-13,VISTA CASH,1652098666.0,10133.72,163029.83169063285
2025-11-14,VISTA CASH,1679018164.45,10132.0,165714.3865426372
2025-11-15,VISTA CASH,1679233840.36,10133.3,165714.41093819388
2025-11-16,VISTA CASH,1679449535.85,10134.6,165714.43725948728
2025-11-17,VISTA CASH,1679169362.13,10132.91,165714.42577995858
2025-11-18,VISTA CASH,1681585367.71,10134.21,165931.56918102154
2025-11-19,VISTA CASH,1683801579.51,10135.52,166128.78071475364
2025-11-20,VISTA CASH,1739024258.81,10136.86,171554.5305755431
2025-11-21,VISTA CASH,1737819733.22,10138.18,171413.38319303858
2025-11-22,VISTA CASH,1738047426.42,10139.51,171413.35492740775
2025-11-23,VISTA CASH,1738275142.09,10140.84,171413.32888498387
2025-11-24,VISTA CASH,1588622576.3,10142.11,156636.29918232004
2025-11-25,VISTA CASH,1590237233.61,10146.03,156734.92327639478
2025-11-26,VISTA CASH,1566209175.74,10147.46,154344.94698574816
2025-11-27,VISTA CASH,1568405344.31,10148.74,154541.87852974853
2025-11-28,VISTA CASH,1567990217.62,10146.05,154541.93677539536
2025-11-29,VISTA CASH,1568182993.07,10147.3,154541.89716180658
2025-11-30,VISTA CASH,1568376500.65,10148.55,154541.92969931668
2025-12-01,VISTA CASH,1571289487.69,10149.8,154809.89651914325
2025-12-02,VISTA CASH,2571848636.17,10152.12,253331.1895613921
2025-12-03,VISTA CASH,2561931757.61,10153.45,252321.3053307004
2025-12-04,VISTA CASH,2567078496.96,10152.85,252843.1422664572
2025-12-05,VISTA CASH,2568214916.27,10154.18,252921.9411385262
2025-12-06,VISTA CASH,2568552074.48,10155.51,252922.01715915793
2025-12-07,VISTA CASH,2568397880.25,10154.9,252922.02584466612
2025-12-08,VISTA CASH,2568735122.67,10156.23,252922.11014027844
2025-12-09,VISTA CASH,2569372587.18,10157.57,252951.50190252197
2025-12-10,VISTA CASH,2514546939.93,10158.72,247525.9619253213
2025-12-11,VISTA CASH,2514856982.32,10159.98,247525.7807909071
2025-12-12,VISTA CASH,2514687239.22,10161.31,247476.67763506869
2025-12-13,VISTA CASH,2515016538.88,10162.64,247476.69295379944
2025-12-14,VISTA CASH,2515345720.28,10163.97,247476.69663330374
2025-12-15,VISTA CASH,2536477479.87,10165.31,249522.88517221806
2025-12-16,VISTA CASH,2536694812.4,10166.18,249522.90952943978
2025-12-17,VISTA CASH,2607290865.38,10449.1,249523.00823803007
2025-12-18,VISTA CASH,4105478926.66,10438.64,393296.34192385216
2025-12-19,VISTA CASH,4105058055.51,10437.57,393296.33770216635
2025-12-20,VISTA CASH,4106076265.67,10440.16,393296.29676844034
2025-12-21,VISTA CASH,4106606064.65,10441.5,393296.56319973187
2025-12-22,VISTA CASH,4098243151.3,10441.66,392489.6186334357
2025-12-23,VISTA CASH,4120250911.21,10446.78,394403.9130918809
2025-12-24,VISTA CASH,4121279819.38,10449.39,394403.8665778577
2025-12-25,VISTA CASH,4123378584.46,10454.71,394403.91789537924
2025-12-26,VISTA CASH,4124525580.14,10458.38,394375.188140037
2025-12-27,VISTA CASH,4125160829.86,10459.99,394375.21736254054
2025-12-28,VISTA CASH,4126030100.97,10462.19,394375.3746557843
2025-12-29,VISTA CASH,4170389601.8,10463.1,398580.6884957613
2025-12-30,VISTA CASH,4232040734.69,10445.92,405138.1529525403
2025-12-31,VISTA CASH,4527128958.23,10433.8,433890.71653951576
2026-01-01,VISTA CASH,4524573106.71,10427.86,433892.7744244744
2026-01-02,VISTA CASH,4523531459.53,10425.46,433892.7452150792
2026-01-03,VISTA CASH,4523413356.07,10425.19,433892.6538576275
2026-01-04,VISTA CASH,4523658340.14,10425.75,433892.8460916481
2026-01-05,VISTA CASH,4127766639.26,10426.51,395891.49574114446
2026-01-06,VISTA CASH,4128195224.31,10427.59,395891.593772866
2026-01-07,VISTA CASH,4127476216.11,10425.78,395891.3593141232
2026-01-08,VISTA CASH,4129273428.54,10430.32,395891.34643424174
2026-01-09,VISTA CASH,4130151919.88,10432.54,395891.3092957228
2026-01-10,VISTA CASH,4130243209.18,10432.77,395891.33175369527
2026-01-11,VISTA CASH,4130910028.36,10434.45,395891.4967592925
2026-01-12,VISTA CASH,4131793564.86,10436.68,395891.56368308695
2026-01-13,VISTA CASH,3642380890.08,10438.17,348948.22464857344
2026-01-14,VISTA CASH,3639445838.08,10438.64,348651.3413701402
2026-01-15,VISTA CASH,3649244690.07,10449.25,349235.0829073857
2026-01-16,VISTA CASH,3650723927.22,10453.48,349235.2716243777
2026-01-17,VISTA CASH,3651196262.65,10454.84,349235.02058855037
2026-01-18,VISTA CASH,3651667561.98,10456.19,349235.00452650536
2026-01-19,VISTA CASH,3454598369.04,10458.85,330303.84497722023
2026-01-20,VISTA CASH,3454514653.86,10461.76,330203.9670055517
2026-01-21,VISTA CASH,3454446887.15,10463.07,330156.14797091106
2026-01-22,VISTA CASH,3454437866.99,10463.05,330155.9169639828
2026-01-23,VISTA CASH,3457724729.78,10468.64,330293.5939892861
2026-01-24,VISTA CASH,3459099476.48,10472.8,330293.6632495608
2026-01-25,VISTA CASH,3460474507.99,10476.96,330293.7596392465
2026-01-26,VISTA CASH,3453000222.83,10478.12,329543.8707353991
2026-01-27,VISTA CASH,3453943401.54,10480.99,329543.6215033122
2026-01-28,VISTA CASH,3465299622.51,10515.45,329543.63555625296
2026-01-29,VISTA CASH,3468682089.86,10525.71,329543.76378030557
2026-01-30,VISTA CASH,3473212931.67,10530.05,329838.21840067237
2026-01-31,VISTA CASH,3474474516.22,10533.88,329838.05741284316
2026-02-01,VISTA CASH,3473964194.27,10532.27,329840.02444582223
2026-02-02,VISTA CASH,3471248320.47,10531.61,329602.8167079867
2026-02-03,VISTA CASH,3463667075.72,10537.76,328691.0193171983
2026-02-04,VISTA CASH,3462620638.52,10534.57,328691.21744124347
2026-02-05,VISTA CASH,3065944102.72,10538.6,290925.1800732545
2026-02-06,VISTA CASH,3066805248.95,10541.56,290925.1808034105
2026-02-07,VISTA CASH,3066898115.32,10541.88,290925.15901528
2026-02-08,VISTA CASH,3067675969.15,10544.55,290925.2617845238
2026-02-09,VISTA CASH,3067962783.75,10545.54,290925.1478587156
2026-02-10,VISTA CASH,3080792027.55,10546.63,292111.51121732726
2026-02-11,VISTA CASH,3075659526.33,10544.72,291677.68573560985
2026-02-12,VISTA CASH,3061356310.1,10494.83,291701.37201841286
2026-02-13,VISTA CASH,3070107116.32,10473.41,293133.47957542003
2026-02-14,VISTA CASH,3066303810.21,10460.43,293133.6293259455
2026-02-15,VISTA CASH,3066728871.23,10461.88,293133.6309755035
2026-02-16,VISTA CASH,3067236441.14,10461.4,293195.59916837135
2026-02-17,VISTA CASH,3067095269.98,10460.91,293195.83764509973
2026-02-18,VISTA CASH,3098552317.47,10568.0,293201.3926447767
2026-02-19,VISTA CASH,3087793724.63,10531.14,293206.0275174388
2026-02-20,VISTA CASH,3080272309.78,10511.0,293052.2604680811
2026-02-21,VISTA CASH,3075943427.25,10496.23,293052.21277068055
2026-02-22,VISTA CASH,3072820637.3,10485.57,293052.32212459604
2026-02-23,VISTA CASH,3115314179.08,10630.57,293052.41196662077
2026-02-24,VISTA CASH,3133277196.09,10708.59,292594.74833661574
2026-02-25,VISTA CASH,3232179784.47,11046.61,292594.72222428414
2026-02-26,VISTA CASH,3027202135.04,11029.6,274461.64276492345
2026-02-27,VISTA CASH,3025582198.03,11023.69,274461.8361029746
2026-02-28,VISTA CASH,3031431362.72,11045.01,274461.6222819173
2026-03-01,VISTA CASH,3032737430.96,11049.69,274463.5759881046
2026-03-02,VISTA CASH,3033803199.43,11046.29,274644.53671142075
2026-03-03,VISTA CASH,3027054419.68,11021.71,274644.71662564157
2026-03-04,VISTA CASH,3035177493.14,11051.29,274644.6336255767
2026-03-05,VISTA CASH,3030853754.97,11024.62,274916.8456572652
2026-03-06,VISTA CASH,3027531077.39,11012.36,274921.1865022574
2026-03-07,VISTA CASH,3029738823.92,11020.39,274921.19824434526
2026-03-08,VISTA CASH,3028402604.1,11015.53,274921.18891238095
2026-03-09,VISTA CASH,3028847728.43,11017.15,274921.1664023817
2026-03-10,VISTA CASH,3030307255.71,11022.45,274921.38823129155
2026-03-11,VISTA CASH,3030143865.01,11019.68,274975.6676246497
2026-03-12,VISTA CASH,3029770226.79,11018.32,274975.697455692
2026-03-13,VISTA CASH,3057425175.56,11055.4,276554.9121298189
2026-03-14,VISTA CASH,3059373024.78,11062.44,276554.9937247117
2026-03-15,VISTA CASH,3060519411.3,11066.58,276555.12464555446
2026-03-16,VISTA CASH,3061505271.36,11070.15,276554.99440928985
2026-03-17,VISTA CASH,3044268216.6,11062.06,275199.03314572515
2026-03-18,VISTA CASH,3046143869.69,11061.61,275379.7927869451
2026-03-19,VISTA CASH,3046392411.68,11062.33,275384.3369055163
2026-03-20,VISTA CASH,3050968678.39,11078.95,275384.28085603775
2026-03-21,VISTA CASH,3052469802.27,11084.4,275384.30607610696
2026-03-22,VISTA CASH,3052198369.84,11083.41,275384.4141685637
2026-03-23,VISTA CASH,3052482073.75,11084.44,275384.4193978225
2026-03-24,VISTA CASH,3058815198.04,11090.01,275817.17221535416
2026-03-25,VISTA CASH,3060310235.03,11095.43,275817.18194157415
2026-03-26,VISTA CASH,3057036368.43,11112.56,275097.40045768034
2026-03-27,VISTA CASH,3059446645.58,11121.33,275097.1912154392
2026-03-28,VISTA CASH,3061406404.26,11128.45,275097.28706693207
2026-03-29,VISTA CASH,3060481439.3,11125.09,275097.22971229895
2026-03-30,VISTA CASH,3059083289.44,11120.01,275097.17072556587
2026-03-31,VISTA CASH,3061330587.21,11113.63,275457.3066774762
2026-04-01,VISTA CASH,3061441194.99,11113.96,275459.0798410288
2026-04-02,VISTA CASH,3054795823.9,11089.84,275458.962789364
2026-04-03,VISTA CASH,3052718541.89,11082.3,275458.93378540553
2026-04-04,VISTA CASH,3027541719.72,10990.9,275458.94510185695
2026-04-05,VISTA CASH,3018099039.8,10956.62,275458.9499133857
2026-04-06,VISTA CASH,3020789076.95,10957.31,275687.1054072578
2026-04-07,VISTA CASH,3021199386.8,10958.8,275687.06307259924
2026-04-08,VISTA CASH,3022293504.92,10962.76,275687.2817538649
2026-04-09,VISTA CASH,2994687281.81,10963.95,273139.45081927587
2026-04-10,VISTA CASH,2994211327.71,10962.2,273139.63690773747
2026-04-11,VISTA CASH,2994512026.26,10963.31,273139.41011063266
2026-04-12,VISTA CASH,2994379361.26,10962.82,273139.517137014
2026-04-13,VISTA CASH,3023456998.92,11069.28,273139.4452864143
2026-04-14,VISTA CASH,3035298860.62,11112.63,273139.5592780467
2026-04-15,VISTA CASH,3040395285.94,11131.29,273139.5270395435
2026-04-16,VISTA CASH,3038809591.4,11143.38,272700.8853148686
2026-04-17,VISTA CASH,3040291728.2,11148.82,272700.76368620177
2026-04-18,VISTA CASH,3040583305.43,11149.89,272700.7446199021
2026-04-19,VISTA CASH,3042858551.85,11158.23,272700.8272683033
2026-04-20,VISTA CASH,3042085893.34,11155.4,272700.7452301128
2026-04-21,VISTA CASH,3040754559.89,11150.51,272700.9401265054
2026-04-22,VISTA CASH,3041327807.08,11152.62,272700.74718586303
2026-04-23,VISTA CASH,3006404077.2,11152.9,269562.54222668544
2026-04-24,VISTA CASH,3005953067.49,11151.22,269562.7086085648
2026-04-25,VISTA CASH,3005801368.27,11150.66,269562.6418768037
2026-04-26,VISTA CASH,3006423649.71,11152.97,269562.60527106235
2026-04-27,VISTA CASH,2201112799.47,11133.27,197705.86714145975
2026-04-28,VISTA CASH,2196525032.21,11110.06,197705.95588232647
2026-04-29,VISTA CASH,2192184772.6,11088.08,197706.43543336628
2026-04-30,VISTA CASH,2189361667.48,11073.8,197706.448326681
2026-05-01,VISTA CASH,2187924104.77,11066.53,197706.4269260554
2026-05-02,VISTA CASH,2185691693.18,11055.24,197706.3992441593
2026-05-03,VISTA CASH,2183920886.59,11046.28,197706.45743091792
2026-05-04,VISTA CASH,2188016327.52,11067.0,197706.36374085117
2026-05-05,VISTA CASH,2194371655.91,11048.56,198611.55262857783
2026-05-06,VISTA CASH,2193278134.98,11043.06,198611.44782152775
2026-05-07,VISTA CASH,2191841106.9,11035.82,198611.53107789002
2026-05-08,VISTA CASH,2190894845.77,11031.06,198611.45218773175
2026-05-09,VISTA CASH,2190981464.92,11031.49,198611.56243807502
2026-05-10,VISTA CASH,2190173281.48,11027.43,198611.39735006253
2026-05-11,VISTA CASH,2082817459.83,11031.55,188805.51326241554
2026-05-12,VISTA CASH,2082431705.44,11029.51,188805.45966593258
2026-05-13,VISTA CASH,2079442046.95,11013.67,188805.5522773063
2026-05-14,VISTA CASH,2079420001.01,11001.37,189014.64099562145
2026-05-15,VISTA CASH,2077504517.25,10989.6,189042.778376829
2026-05-16,VISTA CASH,2077238599.0,10988.19,189042.83589927002
2026-05-17,VISTA CASH,2077419374.95,10989.15,189042.77172938763
2026-05-18,VISTA CASH,2076447846.24,10984.01,189042.78548908822
2026-05-19,VISTA CASH,2057960476.13,10885.68,189052.0827481609
2026-05-20,VISTA CASH,2051175540.74,10849.8,189051.92176261314
2026-05-21,VISTA CASH,2050618040.15,10848.43,189024.40631040622
2026-05-22,VISTA CASH,2049313160.05,10841.53,189024.3498888072
2026-05-23,VISTA CASH,2045683961.65,10822.33,189024.35627540466
2026-05-24,VISTA CASH,2043782966.04,10812.27,189024.41078885377
2026-05-25,VISTA CASH,2042221224.04,10804.01,189024.3737316052
2026-05-26,VISTA CASH,2038395336.07,10783.77,189024.37051884452
2026-05-27,VISTA CASH,2066597280.05,10843.03,190592.23114295542
2026-05-28,VISTA CASH,2065580191.7,10837.7,190592.1174880279
2026-05-29,VISTA CASH,2058641596.16,10801.29,190592.19742827013
2026-05-30,VISTA CASH,2056146523.38,10788.2,190592.17695074246
2026-05-31,VISTA CASH,2056140094.24,10788.17,190592.1110104865
2026-06-01,VISTA CASH,2053394323.57,10773.5,190596.7720397271
2026-06-02,VISTA CASH,2056999797.84,10792.41,190596.8915043072
2026-06-03,VISTA CASH,2062324891.84,10820.35,190596.87457799423
2026-06-04,VISTA CASH,2070353620.28,10861.95,190606.0716795787
2026-06-05,VISTA CASH,2072740214.89,10874.47,190606.0906775227
2026-06-06,VISTA CASH,2072179796.9,10871.53,190606.0873584491
2026-06-07,VISTA CASH,2073190008.51,10876.83,190606.08729841324
2026-06-08,VISTA CASH,2160539524.57,10889.16,198411.9550608128
2026-06-09,VISTA CASH,2160079156.16,10886.84,198411.95022247042
2026-06-10,VISTA CASH,2182870099.78,10928.37,199743.42923784608
2026-06-11,VISTA CASH,2183177696.5,10929.91,199743.42849117698
2026-06-12,VISTA CASH,2181203021.04,10920.03,199743.3176502262
2026-06-13,VISTA CASH,2180059520.29,10914.3,199743.41188074363
2026-06-14,VISTA CASH,2178747170.34,10907.73,199743.40860472346
2026-06-15,VISTA CASH,2178019119.91,10903.79,199748.81393625517
2026-06-16,VISTA CASH,2180571847.31,10916.57,199748.80821631703
2026-06-17,VISTA CASH,2194636915.95,10911.89,201123.4457046396
2026-06-18,VISTA CASH,2194377064.1,10910.6,201123.40880428205
2026-06-19,VISTA CASH,2200487351.83,10940.98,201123.4232975474
2026-06-20,VISTA CASH,2200356607.47,10940.33,201123.42200555193
2026-06-21,VISTA CASH,2200694575.29,10942.01,201123.4293598708
2026-06-22,VISTA CASH,2199929857.82,10941.19,201068.6093395691
2026-06-23,VISTA CASH,1843404955.26,10936.09,168561.61162353272
2026-06-24,VISTA CASH,1842539220.36,10930.95,168561.6730805648
2026-06-25,VISTA CASH,1831639581.39,10937.52,167463.88407884055
2026-06-26,VISTA CASH,1840330124.12,10989.41,167463.96067850775
2026-06-27,VISTA CASH,1844660025.21,11015.27,167463.89559311754
2026-06-28,VISTA CASH,1847670859.58,11033.25,167463.88050483764
2026-06-29,VISTA CASH,1833985842.03,11042.03,166091.36563023285
2026-06-30,VISTA CASH,1835046819.92,11048.42,166091.33431929635
2026-07-01,VISTA CASH,1829616101.07,11062.34,165391.41818729127
2026-07-02,VISTA CASH,1830469335.26,11067.14,165396.78139609692
2026-07-03,VISTA CASH,1841364496.02,11072.55,166299.94861346303
2026-07-04,VISTA CASH,1841462709.8,11073.14,166299.95735626933
2026-07-05,VISTA CASH,1842294912.57,11078.15,166299.8706977248
2026-07-06,VISTA CASH,1843262655.03,11083.97,166299.85961979328
2026-07-07,VISTA CASH,1843324983.8,11084.34,166299.93159719027
2026-07-08,VISTA CASH,1495615785.65,11098.48,134758.61430123766
2026-07-09,VISTA CASH,1496109228.48,11102.06,134759.6057380342
2026-07-10,VISTA CASH,1498770234.2,11103.21,134985.3091313233
2026-07-11,VISTA CASH,1499268945.78,11106.9,134985.3645733733
2026-07-12,VISTA CASH,1499043007.45,11105.23,134985.3183995289
2026-07-13,VISTA CASH,1094265856.9,11086.97,98698.36906747292
2026-07-14,VISTA CASH,1092962805.16,11073.77,98698.34800253212
2026-07-15,VISTA CASH,1101198766.98,11157.21,98698.39923959486
2026-07-16,VISTA CASH,1102656931.72,11171.99,98698.3457486088
2026-07-17,VISTA CASH,1104571051.93,11191.35,98698.64242741046
2026-07-18,VISTA CASH,1110757594.14,11254.03,98698.65231743651
2026-07-19,VISTA CASH,1113194114.77,11278.72,98698.62136572236
2026-07-20,VISTA CASH,1114929288.7,11296.3,98698.6259837292
2026-07-21,VISTA CASH,1117084224.72,11318.13,98698.6564671019
2026-07-22,VISTA CASH,1119839864.45,11346.05,98698.65410869863
2026-07-23,VISTA CASH,1121169994.74,11359.53,98698.6252723484
2026-07-24,VISTA CASH,1122752116.06,11375.56,98698.62372138163
2026-07-25,VISTA CASH,1124452548.35,11392.78,98698.69762691809
2026-07-26,VISTA CASH,1126075409.12,11409.23,98698.63339769642
2026-07-27,VISTA CASH,1117386132.92,11425.74,97795.51546945756
2026-07-28,VISTA CASH,1119651204.52,11452.21,97767.2610369527
2026-07-29,VISTA CASH,1124860913.5,11505.5,97767.23423580026
2026-07-30,VISTA CASH,1128165254.38,11539.29,97767.30235395765
2026-07-31,VISTA CASH,1128829007.07,11546.08,97767.29479355764
2026-08-01,VISTA CASH,1129823467.01,11556.26,97767.22460467313
2026-08-02,VISTA CASH,1130896335.36,11567.23,97767.25589099551
2026-08-03,VISTA CASH,1131319389.11,11570.74,97774.1604348555
2026-08-04,VISTA CASH,1131803719.75,11575.69,97774.19054501287
2026-08-05,VISTA CASH,1132324549.67,11581.02,97774.16407794823
2026-08-06,VISTA CASH,1139504612.41,11582.86,98378.51898494844
2026-08-07,VISTA CASH,1139445128.14,11582.25,98378.56445336615
2026-08-08,VISTA CASH,1140224779.51,11590.18,98378.52212045024
2026-08-09,VISTA CASH,1140306461.46,11591.01,98378.52451684538
2026-08-10,VISTA CASH,1140320552.03,11591.15,98378.55191503862
2026-08-11,VISTA CASH,1144337249.74,11631.98,98378.54344144334
2026-08-12,VISTA CASH,1141216968.3,11651.08,97949.45775842239
2026-08-13,VISTA CASH,1131634928.72,11553.25,97949.48856122736
2026-08-14,VISTA CASH,1126656831.47,11500.39,97966.8369046615
2026-08-15,VISTA CASH,1125666330.6,11490.28,97966.8320180187
2026-08-16,VISTA CASH,1125054332.47,11484.03,97966.85766843172
2026-08-17,VISTA CASH,1125111228.3,11484.61,97966.86420348623
2026-08-18,VISTA CASH,1124450094.7,11478.37,97962.523833959
2026-08-19,VISTA CASH,1027604980.78,11510.58,89274.82201418173
2026-08-20,VISTA CASH,1028834106.29,11527.57,89249.8684709787
2026-08-21,VISTA CASH,1030891424.11,11550.63,89249.80058317166
2026-08-22,VISTA CASH,1031267742.1,11554.84,89249.85046093239
2026-08-23,VISTA CASH,1031331130.45,11555.55,89249.85227444822
2026-08-24,VISTA CASH,1031423657.22,11556.59,89249.82691434065
2026-08-25,VISTA CASH,1031532878.85,11557.81,89249.85605837092
2026-08-26,VISTA CASH,1031638624.53,11559.0,89249.81611990657
2026-08-27,VISTA CASH,1027154636.31,11508.76,89249.80938954327
2026-08-28,VISTA CASH,1026200770.49,11498.07,89249.82805723048
2026-08-29,VISTA CASH,1025711359.25,11491.46,89258.57630362026
2026-08-30,VISTA CASH,1025123783.78,11484.88,89258.55418428403
2026-08-31,VISTA CASH,1024642605.04,11479.44,89258.93641501675
2026-09-01,VISTA CASH,1120304332.52,11475.28,97627.62499215704
2026-09-02,VISTA CASH,1120025003.45,11472.4,97627.78524545867
2026-09-03,VISTA CASH,1069980132.58,11471.94,93269.32781900882
2026-09-04,VISTA CASH,1077660351.57,11446.42,94148.2447411505
2026-09-05,VISTA CASH,1077737737.85,11447.24,94148.26087773121
2026-09-06,VISTA CASH,1077814172.69,11448.05,94148.2761422251
2026-09-07,VISTA CASH,1078731979.99,11457.27,94152.61925310305
2026-09-08,VISTA CASH,1078957655.15,11458.6,94161.3857844763
2026-09-09,VISTA CASH,1079004500.58,11459.1,94161.36525381573
2026-09-10,VISTA CASH,1079187635.88,11461.05,94161.3234284817
2026-09-11,VISTA CASH,1086309968.81,11536.69,94161.3208649968
2026-09-12,VISTA CASH,1089389398.92,11569.39,94161.35154230258
2026-09-13,VISTA CASH,1084399503.49,11516.4,94161.32675923032
2026-09-14,VISTA CASH,1089452785.05,11485.1,94857.92766715135
2026-09-15,VISTA CASH,1087365069.95,11462.04,94866.62670432139
2026-09-16,VISTA CASH,1086404285.01,11451.88,94866.89390824913
2026-09-17,VISTA CASH,1087864831.06,11467.27,94866.94139581609
2026-09-18,VISTA CASH,1088641735.95,11475.46,94866.93657160585
2026-09-19,VISTA CASH,1089365712.58,11483.09,94866.94892925161
2026-09-20,VISTA CASH,1089819531.83,11487.88,94866.89727173334
2026-09-21,VISTA CASH,1090187993.69,11491.76,94866.9301908498
2026-09-22,VISTA CASH,1090350692.1,11493.48,94866.88906232055
2026-09-23,VISTA CASH,1092680657.49,11518.04,94866.89206583759
2026-09-24,VISTA CASH,1093726099.52,11529.06,94866.89283601612
2026-09-25,VISTA CASH,1094808205.27,11540.46,94866.94683487488
2026-09-26,VISTA CASH,1097127882.25,11564.91,94866.96241042948
2026-09-27,VISTA CASH,1095883540.31,11551.8,94866.90734863831
2026-09-28,VISTA CASH,1091591855.45,11548.72,94520.59236434862
2026-09-29,VISTA CASH,1083127759.78,11571.91,93599.73934985668
2026-09-30,VISTA CASH,1103961872.65,11571.45,95403.93577727943
2026-10-01,VISTA CASH,1103897992.43,11570.78,95403.93927029984
2026-10-02,VISTA CASH,1118912708.92,11570.94,96700.24292926936
2026-10-03,VISTA CASH,1118619240.37,11567.9,96700.28616862178
2026-10-04,VISTA CASH,1118699059.47,11568.73,96700.2479502936
2026-10-05,VISTA CASH,1118347691.02,11565.08,96700.38521307246
2026-10-06,VISTA CASH,1119981900.33,11563.37,96856.01172755
2025-09-05,VISTA EURO CASH,48671670.0,11716.7,4154.0425205049205
2025-09-06,VISTA EURO CASH,48676541.51,11717.87,4154.043483158628
2025-09-07,VISTA EURO CASH,48681412.95,11719.05,4154.040894953089
2025-09-08,VISTA EURO CASH,48686309.31,11720.22,4154.04397784342
2025-09-09,VISTA EURO CASH,48691031.58,11721.36,4154.042839738733
2025-09-10,VISTA EURO CASH,48695996.81,11722.56,4154.041165922802
2025-09-11,VISTA EURO CASH,48700827.93,11723.72,4154.042226358187
2025-09-12,VISTA EURO CASH,40456458.27,11724.94,3450.461859079876
2025-09-13,VISTA EURO CASH,40461524.42,11726.41,3450.4613449470044
2025-09-14,VISTA EURO CASH,40466590.47,11727.87,3450.4637645198995
2025-09-15,VISTA EURO CASH,40471565.86,11729.32,3450.4613958865475
2025-09-16,VISTA EURO CASH,40475455.37,11730.44,3450.4635265173342
2025-09-17,VISTA EURO CASH,40479379.85,11731.58,3450.462755229901
2025-09-18,VISTA EURO CASH,46484037.58,11732.93,3961.843936680778
2025-09-19,VISTA EURO CASH,46488529.3,11734.07,3961.8418247036193
2025-09-20,VISTA EURO CASH,46493025.94,11735.2,3961.8435084191146
2025-09-21,VISTA EURO CASH,46497522.52,11736.34,3961.841810990479
2025-09-22,VISTA EURO CASH,46501976.49,11737.46,3961.8432343965396
2025-09-23,VISTA EURO CASH,46506530.44,11738.61,3961.843049560382
2025-09-24,VISTA EURO CASH,246534832.62,11745.75,20989.2797496967
2025-09-25,VISTA EURO CASH,246559801.5,11746.94,20989.279037774944
2025-09-26,VISTA EURO CASH,246598580.53,11748.79,20989.274685308017
2025-09-27,VISTA EURO CASH,246636960.58,11750.62,20989.272104791067
2025-09-28,VISTA EURO CASH,246675346.89,11752.45,20989.27005773264
2025-09-29,VISTA EURO CASH,246713807.02,11754.28,20989.274291577196
2025-09-30,VISTA EURO CASH,246752003.21,11756.1,20989.2739267274
2025-10-01,VISTA EURO CASH,246789661.33,11757.89,20989.28135320198
2025-10-02,VISTA EURO CASH,246827840.06,11759.71,20989.2795026408
2025-10-03,VISTA EURO CASH,246866401.98,11761.55,20989.274541195675
2025-10-04,VISTA EURO CASH,246904842.56,11763.38,20989.277109130202
2025-10-05,VISTA EURO CASH,246943289.41,11765.21,20989.28020919304
2025-10-06,VISTA EURO CASH,251147656.14,11941.7,21031.147670767143
2025-10-07,VISTA EURO CASH,251189675.1,11943.7,21031.1440424659
2025-10-08,VISTA EURO CASH,255224474.52,11945.35,21366.010583197647
2025-10-09,VISTA EURO CASH,45232941.36,11947.41,3786.003942277029
2025-10-10,VISTA EURO CASH,45257569.85,11953.92,3786.002403395706
2025-10-11,VISTA EURO CASH,45285549.09,11961.31,3786.002460432846
2025-10-12,VISTA EURO CASH,45313492.74,11968.69,3786.002707063179
2025-10-13,VISTA EURO CASH,105319057.89,11970.16,8798.467012136847
2025-10-14,VISTA EURO CASH,105336743.22,11972.17,8798.46704649199
2025-10-15,VISTA EURO CASH,105350201.94,11973.7,8798.466801406415
2025-10-16,VISTA EURO CASH,135371834.71,11976.16,11303.442398064155
2025-10-17,VISTA EURO CASH,135273670.6,11967.47,11303.447645993681
2025-10-18,VISTA EURO CASH,135214156.8,11962.21,11303.44282536421
2025-10-19,VISTA EURO CASH,135192717.15,11960.31,11303.44590984682
2025-10-20,VISTA EURO CASH,135248342.7,11965.23,11303.446962574058
2025-10-21,VISTA EURO CASH,135308114.31,11970.52,11303.444989023033
2025-10-22,VISTA EURO CASH,135331757.93,11972.61,11303.446611056403
2025-10-23,VISTA EURO CASH,135356132.22,11974.77,11303.44317427391
2025-10-24,VISTA EURO CASH,136414722.82,11979.95,11386.91921251758
2025-10-25,VISTA EURO CASH,136433279.22,11981.58,11386.918855443106
2025-10-26,VISTA EURO CASH,136489821.86,11986.55,11386.914655176011
2025-10-27,VISTA EURO CASH,136476951.37,11985.42,11386.91438180723
2025-10-28,VISTA EURO CASH,166536611.57,11990.66,13888.861127744427
2025-10-29,VISTA EURO CASH,166559844.08,11992.33,13888.864305768771
2025-10-30,VISTA EURO CASH,166576629.86,11993.54,13888.86265939831
2025-10-31,VISTA EURO CASH,168314216.85,11992.02,14035.518357207542
2025-11-01,VISTA EURO CASH,168411789.63,11998.98,14035.508820749765
2025-11-02,VISTA EURO CASH,168395479.29,11997.81,14035.518089551342
2025-11-03,VISTA EURO CASH,168414026.86,11999.14,14035.508116415012
2025-11-04,VISTA EURO CASH,148436944.72,12000.77,12368.951718931368
2025-11-05,VISTA EURO CASH,148496491.14,12005.58,12368.956030445841
2025-11-06,VISTA EURO CASH,148476717.28,12003.98,12368.957402461518
2025-11-07,VISTA EURO CASH,148529765.16,12008.27,12368.956157714641
2025-11-08,VISTA EURO CASH,148473644.73,12003.74,12368.948738476507
2025-11-09,VISTA EURO CASH,148531180.65,12008.39,12368.950429657933
2025-11-10,VISTA EURO CASH,148578420.07,12012.21,12368.949599615724
2025-11-11,VISTA EURO CASH,148748104.99,12013.8,12381.436763555246
2025-11-12,VISTA EURO CASH,148767261.05,12015.34,12381.444141405904
2025-11-13,VISTA EURO CASH,148783923.66,12016.69,12381.439785831206
2025-11-14,VISTA EURO CASH,148839699.4,12021.2,12381.434415865304
2025-11-15,VISTA EURO CASH,148859334.45,12022.78,12381.44043640489
2025-11-16,VISTA EURO CASH,148803289.13,12018.25,12381.443981444885
2025-11-17,VISTA EURO CASH,154682088.13,12493.06,12381.441226568992
2025-11-18,VISTA EURO CASH,154604982.8,12486.83,12381.44371309612
2025-11-19,VISTA EURO CASH,157787403.67,12487.66,12635.466025660531
2025-11-20,VISTA EURO CASH,158024999.77,12492.22,12649.873262718718
2025-11-21,VISTA EURO CASH,157953323.81,12486.56,12649.86704184339
2025-11-22,VISTA EURO CASH,158068149.18,12495.63,12649.874330465933
2025-11-23,VISTA EURO CASH,158082306.93,12496.75,12649.873521515594
2025-11-24,VISTA EURO CASH,158115862.41,12499.4,12649.876186856969
2025-11-25,VISTA EURO CASH,173162871.13,12503.12,13849.57283701988
2025-11-26,VISTA EURO CASH,173213604.71,12506.78,13849.576366578767
2025-11-27,VISTA EURO CASH,173250084.92,12509.42,13849.569757830497
2025-11-28,VISTA EURO CASH,176185677.94,12510.97,14082.49543720431
2025-11-29,VISTA EURO CASH,176201438.01,12512.09,14082.494452165864
2025-11-30,VISTA EURO CASH,176217198.87,12513.2,14082.504784547518
2025-12-01,VISTA EURO CASH,175329962.37,12450.2,14082.501676278293
2025-12-02,VISTA EURO CASH,174755775.38,12409.43,14082.498179207263
2025-12-03,VISTA EURO CASH,174599964.78,12398.36,14082.504845802187
2025-12-04,VISTA EURO CASH,174415962.89,12385.3,14082.498033152204
2025-12-05,VISTA EURO CASH,174307427.16,12377.59,14082.50129144688
2025-12-06,VISTA EURO CASH,174323599.96,12378.74,14082.499508027473
2025-12-07,VISTA EURO CASH,174339867.45,12379.9,14082.493998336013
2025-12-08,VISTA EURO CASH,174463558.49,12388.68,14082.497771352559
2025-12-09,VISTA EURO CASH,174685789.59,12404.46,14082.498519887204
2025-12-10,VISTA EURO CASH,174715307.99,12406.56,14082.494099089516
2025-12-11,VISTA EURO CASH,174818886.11,12413.91,14082.499881987223
2025-12-12,VISTA EURO CASH,174877681.96,12418.09,14082.494325616903
2025-12-13,VISTA EURO CASH,174993196.9,12426.29,14082.497422802782
2025-12-14,VISTA EURO CASH,175010039.58,12427.48,14082.504222899575
2025-12-15,VISTA EURO CASH,174926706.32,12421.57,14082.49571672502
2025-12-16,VISTA EURO CASH,174950677.27,12423.27,14082.498188480167
2025-12-17,VISTA EURO CASH,173805503.51,12341.95,14082.499403254751
2025-12-18,VISTA EURO CASH,173238656.47,12301.7,14082.497254038059
2025-12-19,VISTA EURO CASH,303179276.1,12297.48,24653.772650982155
2025-12-20,VISTA EURO CASH,303209798.7,12298.72,24653.768741787764
2025-12-21,VISTA EURO CASH,303240415.59,12299.96,24653.77249926016
2025-12-22,VISTA EURO CASH,303285097.91,12301.77,24653.77729464947
2025-12-23,VISTA EURO CASH,303522868.7,12311.42,24653.7660724758
2025-12-24,VISTA EURO CASH,316689059.84,12317.15,25711.22863974215
2025-12-25,VISTA EURO CASH,308071309.18,12330.07,24985.365791110675
2025-12-26,VISTA EURO CASH,908253571.43,12337.36,73618.14613742323
2025-12-27,VISTA EURO CASH,908452070.36,12340.06,73618.12425223217
2025-12-28,VISTA EURO CASH,908650665.67,12342.76,73618.1101852422
2025-12-29,VISTA EURO CASH,961307532.55,12344.4,77873.97788065844
2025-12-30,VISTA EURO CASH,959973672.07,12327.27,77873.98767691468
2025-12-31,VISTA EURO CASH,2759577800.42,12322.19,223951.89494886866
2026-01-01,VISTA EURO CASH,2759464627.91,12321.68,223951.97959288018
2026-01-02,VISTA EURO CASH,2759635549.67,12322.44,223952.03788129624
2026-01-03,VISTA EURO CASH,2759807681.55,12323.21,223952.0126290147
2026-01-04,VISTA EURO CASH,2760166982.99,12324.82,223951.91029077908
2026-01-05,VISTA EURO CASH,2360518411.41,12326.39,191501.19470583033
2026-01-06,VISTA EURO CASH,2360717342.09,12327.43,191501.1760026218
2026-01-07,VISTA EURO CASH,2360916718.21,12328.47,191501.1934335729
2026-01-08,VISTA EURO CASH,2352514854.62,12330.1,190794.46676182674
2026-01-09,VISTA EURO CASH,2352895553.21,12332.1,190794.39456459158
2026-01-10,VISTA EURO CASH,2353189015.13,12333.64,190794.36525875574
2026-01-11,VISTA EURO CASH,2353574991.05,12335.66,190794.411571817
2026-01-12,VISTA EURO CASH,2153953649.43,12337.64,174583.9276741743
2026-01-13,VISTA EURO CASH,2301191165.61,12340.0,186482.2662568882
2026-01-14,VISTA EURO CASH,2301582420.4,12342.09,186482.3883475165
2026-01-15,VISTA EURO CASH,2302603458.46,12347.57,186482.31663882043
2026-01-16,VISTA EURO CASH,2310186036.82,12350.69,187049.14760389907
2026-01-17,VISTA EURO CASH,2310563272.17,12352.71,187049.09871356166
2026-01-18,VISTA EURO CASH,2310940480.99,12354.73,187049.04769185567
2026-01-19,VISTA EURO CASH,2311430826.94,12357.35,187049.07014367968
2026-01-20,VISTA EURO CASH,2295662482.87,12360.01,185733.0603187214
2026-01-21,VISTA EURO CASH,2276057140.8,12362.13,184115.28925840452
2026-01-22,VISTA EURO CASH,2276335408.96,12363.65,184115.16089180784
2026-01-23,VISTA EURO CASH,2306983565.4,12367.17,186540.94391845507
2026-01-24,VISTA EURO CASH,2307536361.59,12370.13,186540.99525146463
2026-01-25,VISTA EURO CASH,2308089592.53,12373.1,186540.9309332342
2026-01-26,VISTA EURO CASH,2309430445.37,12380.28,186541.0512015883
2026-01-27,VISTA EURO CASH,2309912675.17,12382.87,186540.97759000942
2026-01-28,VISTA EURO CASH,2312745924.99,12398.06,186540.95277728935
2026-01-29,VISTA EURO CASH,2313786667.61,12403.64,186540.9402086807
2026-01-30,VISTA EURO CASH,2314385587.91,12406.85,186540.95019364302
2026-01-31,VISTA EURO CASH,2314969085.37,12409.97,186541.0702338523
2026-02-01,VISTA EURO CASH,2315126458.15,12410.82,186540.97458105106
2026-02-02,VISTA EURO CASH,2315574042.21,12411.61,186565.16295710226
2026-02-03,VISTA EURO CASH,2317579799.38,12415.93,186661.79652913637
2026-02-04,VISTA EURO CASH,2317614695.23,12416.12,186661.7506298264
2026-02-05,VISTA EURO CASH,2318181536.82,12419.15,186661.85180306222
2026-02-06,VISTA EURO CASH,2318642791.5,12421.62,186661.86789645793
2026-02-07,VISTA EURO CASH,2319009814.58,12423.59,186661.81148766176
2026-02-08,VISTA EURO CASH,2319376894.18,12425.56,186661.75964544053
2026-02-09,VISTA EURO CASH,2300957188.31,12427.43,185151.49055838576
2026-02-10,VISTA EURO CASH,2301315552.47,12429.37,185151.4238026545
2026-02-11,VISTA EURO CASH,2301418175.94,12429.92,185151.48737401367
2026-02-12,VISTA EURO CASH,2305934666.23,12413.11,185766.07040701323
2026-02-13,VISTA EURO CASH,2304707004.46,12406.5,185766.09071535082
2026-02-14,VISTA EURO CASH,2304104976.09,12403.26,185766.07892521805
2026-02-15,VISTA EURO CASH,2304428854.38,12405.0,185766.13094558645
2026-02-16,VISTA EURO CASH,2304650625.53,12406.2,185766.03839451243
2026-02-17,VISTA EURO CASH,2304872552.28,12407.39,185766.10812427112
2026-02-18,VISTA EURO CASH,2343017538.57,12612.73,185766.0901779393
2026-02-19,VISTA EURO CASH,2333883164.68,12563.56,185766.06986236386
2026-02-20,VISTA EURO CASH,2328350339.18,12533.78,185766.01306070472
2026-02-21,VISTA EURO CASH,2324410443.4,12512.57,185766.02915308368
2026-02-22,VISTA EURO CASH,2321456636.67,12496.67,185766.01900106188
2026-02-23,VISTA EURO CASH,2414854700.18,12714.13,189934.71831576363
2026-02-24,VISTA EURO CASH,2436897598.66,12830.19,189934.6462258158
2026-02-25,VISTA EURO CASH,2516198092.73,13240.91,190032.1120474348
2026-02-26,VISTA EURO CASH,2514498883.21,13230.39,190054.78169653352
2026-02-27,VISTA EURO CASH,2514352433.87,13229.62,190054.7735966717
2026-02-28,VISTA EURO CASH,2520447961.7,13261.69,190054.8091306613
2026-03-01,VISTA EURO CASH,2522254063.08,13271.2,190054.70967809993
2026-03-02,VISTA EURO CASH,2522262049.75,13271.24,190054.73864913904
2026-03-03,VISTA EURO CASH,2535280936.96,13246.86,191387.31268844087
2026-03-04,VISTA EURO CASH,2544924491.1,13297.25,191387.27865536106
2026-03-05,VISTA EURO CASH,2530907823.03,13271.04,190709.07954689307
2026-03-06,VISTA EURO CASH,2527122498.19,13251.19,190709.0984424795
2026-03-07,VISTA EURO CASH,2529354235.63,13262.89,190709.13169226315
2026-03-08,VISTA EURO CASH,2528256679.05,13257.13,190709.2016937301
2026-03-09,VISTA EURO CASH,2328540494.02,13258.62,175624.64977652274
2026-03-10,VISTA EURO CASH,2336356786.6,13269.87,176064.78334753844
2026-03-11,VISTA EURO CASH,2335637786.13,13265.79,176064.73388543012
2026-03-12,VISTA EURO CASH,2176584208.72,13266.09,164071.26807672795
2026-03-13,VISTA EURO CASH,2186515756.99,13326.68,164070.5529801871
2026-03-14,VISTA EURO CASH,2188102689.44,13336.35,164070.58073910777
2026-03-15,VISTA EURO CASH,2189219930.23,13343.16,164070.57475365655
2026-03-16,VISTA EURO CASH,2190591046.08,13351.52,164070.53624456242
2026-03-17,VISTA EURO CASH,2189482984.74,13344.76,164070.61533815518
2026-03-18,VISTA EURO CASH,2190008258.35,13346.14,164093.00804202564
2026-03-19,VISTA EURO CASH,2191178430.44,13347.39,164165.31100387417
2026-03-20,VISTA EURO CASH,2205739718.75,13375.17,164913.02306811803
2026-03-21,VISTA EURO CASH,2207075251.52,13383.27,164913.0034378743
2026-03-22,VISTA EURO CASH,2207035915.14,13383.03,164913.02157583146
2026-03-23,VISTA EURO CASH,2207223984.25,13384.17,164913.02667628997
2026-03-24,VISTA EURO CASH,2214499150.11,13392.54,165353.18543831116
2026-03-25,VISTA EURO CASH,2203126378.86,13400.56,164405.545653316
2026-03-26,VISTA EURO CASH,2207785383.27,13428.9,164405.52712954895
2026-03-27,VISTA EURO CASH,2210300423.74,13444.2,164405.50004760415
2026-03-28,VISTA EURO CASH,2211861047.69,13453.69,164405.53095024487
2026-03-29,VISTA EURO CASH,2210901570.5,13447.86,164405.45711362254
2026-03-30,VISTA EURO CASH,2209925781.35,13441.77,164407.34972775163
2026-03-31,VISTA EURO CASH,2208633268.42,13433.91,164407.32954292535
2026-04-01,VISTA EURO CASH,2209695100.98,13440.37,164407.3117763871
2026-04-02,VISTA EURO CASH,2204021744.17,13405.86,164407.33710258052
2026-04-03,VISTA EURO CASH,2202053349.16,13393.88,164407.42706071728
2026-04-04,VISTA EURO CASH,2177958405.29,13247.33,164407.34889898569
2026-04-05,VISTA EURO CASH,2169189035.81,13193.84,164409.2270188209
2026-04-06,VISTA EURO CASH,2105633962.86,13197.42,159548.9090185809
2026-04-07,VISTA EURO CASH,2105827497.35,13198.64,159548.8245266179
2026-04-08,VISTA EURO CASH,1906050748.83,13200.04,144397.34643455624
2026-04-09,VISTA EURO CASH,1901799271.9,13201.64,144057.8043258262
2026-04-10,VISTA EURO CASH,1901984940.08,13202.92,144057.90083405792
2026-04-11,VISTA EURO CASH,1902180645.03,13204.28,144057.88464270675
2026-04-12,VISTA EURO CASH,1902149915.35,13204.07,144057.84847777995
2026-04-13,VISTA EURO CASH,1930598583.01,13401.55,144057.85771123492
2026-04-14,VISTA EURO CASH,1942000202.79,13480.21,144063.05263716218
2026-04-15,VISTA EURO CASH,1946727181.29,13513.02,144063.0725988713
2026-04-16,VISTA EURO CASH,1940486688.79,13532.88,143390.51914965626
2026-04-17,VISTA EURO CASH,1941738382.38,13541.61,143390.51134835518
2026-04-18,VISTA EURO CASH,1941890847.2,13542.67,143390.54611830605
2026-04-19,VISTA EURO CASH,1943203731.84,13551.83,143390.50385372306
2026-04-20,VISTA EURO CASH,1943798312.2,13553.6,143415.64692775352
2026-04-21,VISTA EURO CASH,1944050869.21,13546.99,143504.2669412172
2026-04-22,VISTA EURO CASH,1945202637.65,13555.02,143504.22482962033
2026-04-23,VISTA EURO CASH,1945805126.45,13557.13,143526.33090115682
2026-04-24,VISTA EURO CASH,1947906707.15,13552.96,143725.555683039
2026-04-25,VISTA EURO CASH,1948047265.12,13553.94,143725.53406020685
2026-04-26,VISTA EURO CASH,1949338207.3,13562.92,143725.5552122994
2026-04-27,VISTA EURO CASH,1945817887.03,13538.22,143727.7490711482
2026-04-28,VISTA EURO CASH,1941656846.79,13509.27,143727.74004738967
2026-04-29,VISTA EURO CASH,1938332639.39,13482.87,143762.614294286
2026-04-30,VISTA EURO CASH,1935750798.02,13464.91,143762.6243339168
2026-05-01,VISTA EURO CASH,1934559683.73,13456.63,143762.5678739774
2026-05-02,VISTA EURO CASH,1933093806.35,13446.43,143762.60511897953
2026-05-03,VISTA EURO CASH,1931884728.86,13438.02,143762.60259026254
2026-05-04,VISTA EURO CASH,1936255853.4,13468.25,143764.47225140608
2026-05-05,VISTA EURO CASH,1932946871.0,13445.23,143764.5076357935
2026-05-06,VISTA EURO CASH,1931918407.53,13438.08,143764.46691268394
2026-05-07,VISTA EURO CASH,1930706225.97,13429.65,143764.44851280563
2026-05-08,VISTA EURO CASH,1929793027.08,13423.3,143764.42656276774
2026-05-09,VISTA EURO CASH,1929954786.16,13424.42,143764.4819038737
2026-05-10,VISTA EURO CASH,1929860213.61,13423.76,143764.50514684408
2026-05-11,VISTA EURO CASH,1930024445.1,13424.91,143764.42338160926
2026-05-12,VISTA EURO CASH,1930188831.79,13426.05,143764.46026865684
2026-05-13,VISTA EURO CASH,1927835067.86,13409.68,143764.4349350618
2026-05-14,VISTA EURO CASH,1925923044.25,13396.38,143764.43817284968
2026-05-15,VISTA EURO CASH,1924050338.7,13383.35,143764.47890102255
2026-05-16,VISTA EURO CASH,1923964255.59,13382.75,143764.4920206983
2026-05-17,VISTA EURO CASH,1924124981.15,13383.87,143764.47030268525
2026-05-18,VISTA EURO CASH,1923205342.97,13377.47,143764.50427248204
2026-05-19,VISTA EURO CASH,1887563593.71,13129.56,143764.42117709963
2026-05-20,VISTA EURO CASH,1882644776.48,13093.25,143787.43065930918
2026-05-21,VISTA EURO CASH,1942677676.64,13093.48,148369.85099759576
2026-05-22,VISTA EURO CASH,1941607663.75,13086.27,148369.83065075075
2026-05-23,VISTA EURO CASH,1939377562.0,13071.24,148369.822755913
2026-05-24,VISTA EURO CASH,1938502340.22,13065.34,148369.83501539187
2026-05-25,VISTA EURO CASH,1948709763.65,13060.0,149212.07991194486
2026-05-26,VISTA EURO CASH,1946220055.44,13041.74,149230.0916472802
2026-05-27,VISTA EURO CASH,1975872907.52,13109.78,150717.47256780814
2026-05-28,VISTA EURO CASH,1967482743.12,13054.11,150717.49380999545
2026-05-29,VISTA EURO CASH,1961773694.86,13016.03,150719.81970385747
2026-05-30,VISTA EURO CASH,1959845950.57,13003.24,150719.81679719823
2026-05-31,VISTA EURO CASH,1959929747.93,13003.79,150719.88612012344
2026-06-01,VISTA EURO CASH,1958254190.11,12992.68,150719.80454455892
2026-06-02,VISTA EURO CASH,1973259041.79,13092.23,150719.85763998952
2026-06-03,VISTA EURO CASH,1976972889.84,13116.87,150719.86608390568
2026-06-04,VISTA EURO CASH,1982254721.84,13151.92,150719.79770558214
2026-06-05,VISTA EURO CASH,2170937492.15,13163.08,164926.25526472527
2026-06-06,VISTA EURO CASH,2170701658.51,13161.65,164926.256093271
2026-06-07,VISTA EURO CASH,2171416500.38,13165.99,164926.18484291725
2026-06-08,VISTA EURO CASH,2173067232.53,13176.64,164918.16066387185
2026-06-09,VISTA EURO CASH,2172496577.74,13176.74,164873.6013414547
2026-06-10,VISTA EURO CASH,2085129474.92,13182.17,158178.01431175595
2026-06-11,VISTA EURO CASH,2085809654.33,13186.47,158178.01536954165
2026-06-12,VISTA EURO CASH,2084784510.39,13179.99,158178.00395827313
2026-06-13,VISTA EURO CASH,2084205097.95,13176.33,158177.96745755457
2026-06-14,VISTA EURO CASH,2083350029.18,13170.92,158178.01863347436
2026-06-15,VISTA EURO CASH,2082957101.09,13168.44,158177.96953093912
2026-06-16,VISTA EURO CASH,2085140190.58,13182.24,158177.9872449599
2026-06-17,VISTA EURO CASH,2087148206.62,13178.19,158378.9736390202
2026-06-18,VISTA EURO CASH,2087178982.71,13178.39,158378.90536780292
2026-06-19,VISTA EURO CASH,2089301609.96,13191.79,158378.93189324572
2026-06-20,VISTA EURO CASH,2089098324.5,13190.51,158378.88940609575
2026-06-21,VISTA EURO CASH,2089693165.78,13194.26,158378.95916709234
2026-06-22,VISTA EURO CASH,2104432388.6,13192.62,159515.87998441551
2026-06-23,VISTA EURO CASH,2095915851.49,13189.38,158909.35369896085
2026-06-24,VISTA EURO CASH,2095708075.01,13188.07,158909.38363308657
2026-06-25,VISTA EURO CASH,2096505861.76,13193.09,158909.3883055448
2026-06-26,VISTA EURO CASH,2104160214.32,13241.26,158909.36469187977
2026-06-27,VISTA EURO CASH,2107722293.06,13263.67,158909.43404502675
2026-06-28,VISTA EURO CASH,2110214043.26,13279.35,158909.43783091792
2026-06-29,VISTA EURO CASH,2111331628.91,13286.39,158909.3522702555
2026-06-30,VISTA EURO CASH,2112100391.87,13291.23,158909.32531225478
2026-07-01,VISTA EURO CASH,2113883805.22,13302.45,158909.3591947348
2026-07-02,VISTA EURO CASH,2118785096.56,13333.29,158909.39869754575
2026-07-03,VISTA EURO CASH,2119361714.89,13336.92,158909.3819929939
2026-07-04,VISTA EURO CASH,2119540895.96,13338.05,158909.35301337152
2026-07-05,VISTA EURO CASH,2120239797.17,13342.45,158909.33053299805
2026-07-06,VISTA EURO CASH,1931287070.75,13346.56,144702.98494518438
2026-07-07,VISTA EURO CASH,1931382241.72,13347.22,144702.959996164
2026-07-08,VISTA EURO CASH,1933415637.06,13361.27,144702.98385258287
2026-07-09,VISTA EURO CASH,1933749829.14,13363.37,144705.25242809262
2026-07-10,VISTA EURO CASH,1836472877.1,13364.91,137410.04444474372
2026-07-11,VISTA EURO CASH,1837068273.15,13369.25,137409.9723731698
2026-07-12,VISTA EURO CASH,1836808477.15,13367.36,137409.9655541558
2026-07-13,VISTA EURO CASH,1823481100.99,13356.92,136519.5794382238
2026-07-14,VISTA EURO CASH,1822744064.16,13351.52,136519.59208839142
2026-07-15,VISTA EURO CASH,1832055814.78,13411.15,136606.91400662882
2026-07-16,VISTA EURO CASH,1833588707.52,13422.37,136606.92616281623
2026-07-17,VISTA EURO CASH,1835184282.87,13434.05,136606.92664311954
2026-07-18,VISTA EURO CASH,1840784342.32,13475.04,136606.96683052517
2026-07-19,VISTA EURO CASH,1842965920.02,13491.01,136606.96419467483
2026-07-20,VISTA EURO CASH,1844842821.34,13502.55,136629.21606215122
2026-07-21,VISTA EURO CASH,1846736293.57,13516.41,136629.20062131883
2026-07-22,VISTA EURO CASH,1849138933.81,13534.0,136629.15130855623
2026-07-23,VISTA EURO CASH,1850275343.82,13542.31,136629.22675821185
2026-07-24,VISTA EURO CASH,1851548714.43,13551.63,136629.22574111013
2026-07-25,VISTA EURO CASH,1852842246.76,13561.1,136629.20019467446
2026-07-26,VISTA EURO CASH,1853791272.79,13568.05,136629.15988590845
2026-07-27,VISTA EURO CASH,1853616148.23,13575.06,136545.705744947
2026-07-28,VISTA EURO CASH,1855156366.95,13586.34,136545.70450540763
2026-07-29,VISTA EURO CASH,1864330363.25,13653.53,136545.6671827725
2026-07-30,VISTA EURO CASH,1865661467.92,13663.27,136545.7513406381
2026-07-31,VISTA EURO CASH,1865199795.96,13659.89,136545.74055574386
2026-08-01,VISTA EURO CASH,1865446758.32,13661.7,136545.72698273274
2026-08-02,VISTA EURO CASH,1866112768.44,13666.58,136545.70261469952
2026-08-03,VISTA EURO CASH,1866202652.86,13667.24,136545.6853658822
2026-08-04,VISTA EURO CASH,1866192899.73,13667.17,136545.67110308865
2026-08-05,VISTA EURO CASH,1867144327.03,13672.41,136562.92687463292
2026-08-06,VISTA EURO CASH,1867118498.83,13672.23,136562.83567713533
2026-08-07,VISTA EURO CASH,1867091642.78,13672.03,136562.8690677244
2026-08-08,VISTA EURO CASH,1867756062.65,13676.89,136562.92202759546
2026-08-09,VISTA EURO CASH,1867930864.4,13678.17,136562.9221160433
2026-08-10,VISTA EURO CASH,1867984257.96,13678.57,136562.83207674487
2026-08-11,VISTA EURO CASH,1871140877.18,13701.68,136562.87967460926
2026-08-12,VISTA EURO CASH,1867760678.76,13713.54,136198.28860819305
2026-08-13,VISTA EURO CASH,1860499081.12,13660.22,136198.3248527476
2026-08-14,VISTA EURO CASH,1856611214.84,13631.68,136198.26865360688
2026-08-15,VISTA EURO CASH,1855848145.02,13626.08,136198.24226923665
2026-08-16,VISTA EURO CASH,1855528373.9,13623.73,136198.2639042318
2026-08-17,VISTA EURO CASH,1855729207.53,13625.2,136198.3095682999
2026-08-18,VISTA EURO CASH,1855508866.49,13623.37,136200.43106000937
2026-08-19,VISTA EURO CASH,1858011544.87,13641.74,136200.48064763
2026-08-20,VISTA EURO CASH,1859195714.55,13650.43,136200.5236867996
2026-08-21,VISTA EURO CASH,1861067651.98,13664.18,136200.46369266213
2026-08-22,VISTA EURO CASH,1861280233.7,13665.74,136200.4716685668
2026-08-23,VISTA EURO CASH,1861450639.8,13666.99,136200.4830471084
2026-08-24,VISTA EURO CASH,1863145924.83,13668.63,136308.16876526762
2026-08-25,VISTA EURO CASH,1863399818.82,13670.49,136308.1951575986
2026-08-26,VISTA EURO CASH,1863644834.07,13672.29,136308.17032625843
2026-08-27,VISTA EURO CASH,1860465724.48,13648.97,136308.14079597217
2026-08-28,VISTA EURO CASH,1859482378.31,13641.75,136308.1993373284
2026-08-29,VISTA EURO CASH,1859171516.38,13639.47,136308.19352804765
2026-08-30,VISTA EURO CASH,1858862757.88,13637.21,136308.14205251663
2026-08-31,VISTA EURO CASH,1858350161.2,13633.45,136308.13632646174
2026-09-01,VISTA EURO CASH,1858256015.89,13632.76,136308.129526963
2026-09-02,VISTA EURO CASH,1858037507.17,13631.15,136308.19902722808
2026-09-03,VISTA EURO CASH,1658095527.77,13631.58,121636.34206526316
2026-09-04,VISTA EURO CASH,1656399212.94,13617.63,121636.37967399615
2026-09-05,VISTA EURO CASH,1656567877.58,13619.02,121636.34957434528
2026-09-06,VISTA EURO CASH,1656737670.88,13620.42,121636.31304174174
2026-09-07,VISTA EURO CASH,1658735981.91,13627.18,121722.61479704532
2026-09-08,VISTA EURO CASH,1692871901.51,13629.12,124209.91975343968
2026-09-09,VISTA EURO CASH,1692943566.49,13629.7,124209.89210987769
2026-09-10,VISTA EURO CASH,1693190600.06,13631.69,124209.88153779904
2026-09-11,VISTA EURO CASH,1699011168.02,13678.55,124209.88833026894
2026-09-12,VISTA EURO CASH,1701558292.05,13699.06,124209.85761431807
2026-09-13,VISTA EURO CASH,1697457274.57,13666.04,124209.88629990838
2026-09-14,VISTA EURO CASH,1695403878.39,13649.51,124209.87115215126
2026-09-15,VISTA EURO CASH,1693758734.39,13636.26,124209.91785064233
2026-09-16,VISTA EURO CASH,1692887300.31,13630.06,124202.48335737333
2026-09-17,VISTA EURO CASH,1693395251.81,13640.27,124146.75455911063
2026-09-18,VISTA EURO CASH,1694177435.24,13646.09,124151.12572465812
2026-09-19,VISTA EURO CASH,1694803654.98,13651.13,124151.16221001485
2026-09-20,VISTA EURO CASH,1695394010.81,13655.89,124151.11800182925
2026-09-21,VISTA EURO CASH,1695915236.76,13657.67,124173.1010311422
2026-09-22,VISTA EURO CASH,1696211432.21,13660.05,124173.14960120937
2026-09-23,VISTA EURO CASH,1697904393.96,13673.69,124173.09401924425
2026-09-24,VISTA EURO CASH,1698814820.47,13681.02,124173.11139593393
2026-09-25,VISTA EURO CASH,1699950720.9,13690.17,124173.09068477602
2026-09-26,VISTA EURO CASH,1701605346.46,13703.49,124173.137387629
2026-09-27,VISTA EURO CASH,1700764091.86,13696.72,124173.09340192396
2026-09-28,VISTA EURO CASH,1700562575.33,13695.09,124173.15806832959
2026-09-29,VISTA EURO CASH,1651650319.52,13710.7,120464.33220185693
2026-09-30,VISTA EURO CASH,1657884162.0,13710.23,120923.14731408592
2026-10-01,VISTA EURO CASH,1657617376.45,13708.03,120923.09226416925
2026-10-02,VISTA EURO CASH,1657811596.63,13709.63,120923.14647660077
2026-10-03,VISTA EURO CASH,1657522436.43,13707.24,120923.1352504224
2026-10-04,VISTA EURO CASH,1657668139.72,13708.45,120923.09048214786
2026-10-05,VISTA EURO CASH,1657243228.09,13704.93,120923.14430573523
2026-10-06,VISTA EURO CASH,1658299826.69,13703.96,121008.80524242629
2025-11-27,VISTA RICA ORIGIN,43000180.0,11738.18,3663.274885885205
2025-11-28,VISTA RICA ORIGIN,54745021.3,11739.84,4663.182913906833
2025-11-29,VISTA RICA ORIGIN,54751277.67,11741.18,4663.183570135199
2025-11-30,VISTA RICA ORIGIN,54757535.36,11742.53,4663.180367433593
2025-12-01,VISTA RICA ORIGIN,54763794.54,11743.87,4663.1812630759705
2025-12-02,VISTA RICA ORIGIN,54770055.04,11745.21,4663.182270900223
2025-12-03,VISTA RICA ORIGIN,54776315.68,11746.55,4663.18329041293
2025-12-04,VISTA RICA ORIGIN,54782577.63,11747.9,4663.180451825433
2025-12-05,VISTA RICA ORIGIN,54788840.89,11749.24,4663.181694305334
2025-12-06,VISTA RICA ORIGIN,54795105.46,11750.58,4663.183047985716
2025-12-07,VISTA RICA ORIGIN,54801371.35,11751.93,4663.180545663563
2025-12-08,VISTA RICA ORIGIN,54807638.54,11753.27,4663.182122081769
2025-12-09,VISTA RICA ORIGIN,54813907.05,11754.62,4663.179843329686
2025-12-10,VISTA RICA ORIGIN,54820176.86,11755.96,4663.181642332911
2025-12-11,VISTA RICA ORIGIN,54826448.0,11757.3,4663.183554047273
2025-12-12,VISTA RICA ORIGIN,54832720.45,11758.65,4663.181610984255
2025-12-13,VISTA RICA ORIGIN,54838994.2,11759.99,4663.183744203864
2025-12-14,VISTA RICA ORIGIN,54845269.28,11761.34,4663.182025177403
2025-12-15,VISTA RICA ORIGIN,54951557.48,11762.69,4671.682878661258
2025-12-16,VISTA RICA ORIGIN,56331637.61,11764.07,4788.448012465074
2025-12-17,VISTA RICA ORIGIN,58601578.2,12238.11,4788.450030274283
2025-12-18,VISTA RICA ORIGIN,58804121.85,12217.76,4813.0035170113015
2025-12-19,VISTA RICA ORIGIN,58799529.4,12216.81,4813.001872010778
2025-12-20,VISTA RICA ORIGIN,58804907.94,12217.92,4813.004827335585
2025-12-21,VISTA RICA ORIGIN,58810302.76,12219.05,4813.00123659368
2025-12-22,VISTA RICA ORIGIN,82368587.16,12236.12,6731.5936064700245
2025-12-23,VISTA RICA ORIGIN,82557824.75,12264.23,6731.59462518234
2025-12-24,VISTA RICA ORIGIN,82548329.18,12262.82,6731.594297233427
2025-12-25,VISTA RICA ORIGIN,82614686.62,12272.68,6731.592987024839
2025-12-26,VISTA RICA ORIGIN,86117332.48,12329.29,6984.776291254403
2025-12-27,VISTA RICA ORIGIN,86137524.37,12332.18,6984.7767685843055
2025-12-28,VISTA RICA ORIGIN,86157731.56,12335.07,6984.778486056423
2025-12-29,VISTA RICA ORIGIN,145159874.25,12241.85,11857.674636594958
2025-12-30,VISTA RICA ORIGIN,152324772.47,12238.15,12446.715595902975
2025-12-31,VISTA RICA ORIGIN,154880014.24,12191.81,12703.611214413611
2026-01-01,VISTA RICA ORIGIN,154794099.58,12185.05,12703.608075469532
2026-01-02,VISTA RICA ORIGIN,155031714.79,12203.75,12703.612806719246
2026-01-03,VISTA RICA ORIGIN,154992124.07,12200.63,12703.61645833043
2026-01-04,VISTA RICA ORIGIN,154982937.52,12199.91,12703.613184031687
2026-01-05,VISTA RICA ORIGIN,159154603.0,12292.14,12947.672496408275
2026-01-06,VISTA RICA ORIGIN,160732213.38,12390.82,12971.878647256597
2026-01-07,VISTA RICA ORIGIN,159745361.59,12314.74,12971.882604910863
2026-01-08,VISTA RICA ORIGIN,159858435.86,12308.04,12988.13099892428
2026-01-09,VISTA RICA ORIGIN,162616043.89,12430.03,13082.514192644747
2026-01-10,VISTA RICA ORIGIN,162603439.67,12429.07,13082.510571587414
2026-01-11,VISTA RICA ORIGIN,162605859.6,12429.25,13082.515807470281
2026-01-12,VISTA RICA ORIGIN,165075466.3,12618.02,13082.517407643989
2026-01-13,VISTA RICA ORIGIN,165253158.76,12631.6,13082.51993096678
2026-01-14,VISTA RICA ORIGIN,170511954.83,12943.89,13173.161609840628
2026-01-15,VISTA RICA ORIGIN,169531269.08,12869.44,13173.165971479722
2026-01-16,VISTA RICA ORIGIN,168028809.09,12755.39,13173.161235367952
2026-01-17,VISTA RICA ORIGIN,168020289.51,12754.74,13173.16460468814
2026-01-18,VISTA RICA ORIGIN,168011754.97,12754.09,13173.16680139469
2026-01-19,VISTA RICA ORIGIN,169740741.66,12733.52,13330.229320722
2026-01-20,VISTA RICA ORIGIN,175597590.79,13052.86,13452.80580577743
2026-01-21,VISTA RICA ORIGIN,177636878.35,13086.63,13573.920738188517
2026-01-22,VISTA RICA ORIGIN,179421657.88,13218.11,13573.92682312373
2026-01-23,VISTA RICA ORIGIN,184102551.19,13548.23,13588.679199423099
2026-01-24,VISTA RICA ORIGIN,184123330.16,13549.75,13588.688363991956
2026-01-25,VISTA RICA ORIGIN,184144168.82,13551.29,13588.681876042796
2026-01-26,VISTA RICA ORIGIN,186757134.85,13743.58,13588.681759046769
2026-01-27,VISTA RICA ORIGIN,190148274.74,13989.45,13592.262364853515
2026-01-28,VISTA RICA ORIGIN,199867723.06,14189.53,14085.577398264777
2026-01-29,VISTA RICA ORIGIN,202626593.56,14293.1,14176.532282010201
2026-01-30,VISTA RICA ORIGIN,184104758.07,12862.43,14313.372983954043
2026-01-31,VISTA RICA ORIGIN,184126694.23,12863.96,14313.37583683407
2026-02-01,VISTA RICA ORIGIN,184087071.47,12861.19,14313.377803298139
2026-02-02,VISTA RICA ORIGIN,185263111.24,12703.82,14583.26009342072
2026-02-03,VISTA RICA ORIGIN,195711832.68,13255.74,14764.308343404444
2026-02-04,VISTA RICA ORIGIN,195711084.36,13200.05,14826.541138859324
2026-02-05,VISTA RICA ORIGIN,188513939.78,12714.62,14826.549262187937
2026-02-06,VISTA RICA ORIGIN,192478654.37,12982.03,14826.545183611499
2026-02-07,VISTA RICA ORIGIN,192470744.52,12981.5,14826.541194777185
2026-02-08,VISTA RICA ORIGIN,192462835.16,12980.96,14826.54866512184
2026-02-09,VISTA RICA ORIGIN,198061051.85,13277.61,14916.920428450601
2026-02-10,VISTA RICA ORIGIN,195434489.78,13101.53,14916.921136691668
2026-02-11,VISTA RICA ORIGIN,238688058.7,13245.9,18019.769037966464
2026-02-12,VISTA RICA ORIGIN,232857376.24,12922.33,18019.767042011776
2026-02-13,VISTA RICA ORIGIN,237478081.14,13040.02,18211.481358157424
2026-02-14,VISTA RICA ORIGIN,237336706.4,13032.25,18211.491216021794
2026-02-15,VISTA RICA ORIGIN,237329067.26,13031.83,18211.491959302723
2026-02-16,VISTA RICA ORIGIN,237306673.57,13030.6,18211.492453916166
2026-02-17,VISTA RICA ORIGIN,233265804.55,12808.72,18211.484406716678
2026-02-18,VISTA RICA ORIGIN,238606503.16,13101.98,18211.48430695208
2026-02-19,VISTA RICA ORIGIN,238990528.18,13123.07,18211.48010183593
2026-02-20,VISTA RICA ORIGIN,243331365.46,13361.42,18211.489906012983
2026-02-21,VISTA RICA ORIGIN,243074527.11,13347.32,18211.48568476668
2026-02-22,VISTA RICA ORIGIN,242886004.23,13336.97,18211.483135224866
2026-02-23,VISTA RICA ORIGIN,247949480.53,13615.01,18211.479868909388
2026-02-24,VISTA RICA ORIGIN,249318914.23,13683.61,18220.258705853204
2026-02-25,VISTA RICA ORIGIN,259812299.23,14033.97,18513.100657191088
2026-02-26,VISTA RICA ORIGIN,262054990.2,14028.18,18680.6121820507
2026-02-27,VISTA RICA ORIGIN,264265312.7,14144.89,18682.740742416518
2026-02-28,VISTA RICA ORIGIN,264555988.15,14160.45,18682.738765364094
2026-03-01,VISTA RICA ORIGIN,264619141.63,14163.83,18682.73917647981
2026-03-02,VISTA RICA ORIGIN,265951843.75,14128.12,18824.29111233483
2026-03-03,VISTA RICA ORIGIN,258175910.86,13715.04,18824.291497509304
2026-03-04,VISTA RICA ORIGIN,261163964.75,13873.77,18824.296838566588
2026-03-05,VISTA RICA ORIGIN,256946148.3,13649.71,18824.29357839837
2026-03-06,VISTA RICA ORIGIN,257403998.42,13674.03,18824.29674499763
2026-03-07,VISTA RICA ORIGIN,257496581.43,13678.95,18824.294366892194
2026-03-08,VISTA RICA ORIGIN,257414528.46,13674.59,18824.29589918235
2026-03-09,VISTA RICA ORIGIN,260067778.11,13815.54,18824.293376154677
2026-03-10,VISTA RICA ORIGIN,261093246.64,13870.01,18824.30125428893
2026-03-11,VISTA RICA ORIGIN,259407923.56,13780.48,18824.30245971113
2026-03-12,VISTA RICA ORIGIN,257128008.74,13659.37,18824.29487889998
2026-03-13,VISTA RICA ORIGIN,254002399.42,13493.33,18824.29314483526
2026-03-14,VISTA RICA ORIGIN,254067367.83,13496.78,18824.294967392223
2026-03-15,VISTA RICA ORIGIN,254102497.96,13498.64,18824.303630587972
2026-03-16,VISTA RICA ORIGIN,257976154.81,13624.74,18934.3910276453
2026-03-17,VISTA RICA ORIGIN,256611285.93,13552.66,18934.38527418234
2026-03-18,VISTA RICA ORIGIN,249967486.01,13201.77,18934.39182851996
2026-03-19,VISTA RICA ORIGIN,245348796.56,12953.88,18940.178275543698
2026-03-20,VISTA RICA ORIGIN,258710305.03,12603.38,20527.057426658565
2026-03-21,VISTA RICA ORIGIN,258762966.44,12605.95,20527.05003906885
2026-03-22,VISTA RICA ORIGIN,258741430.63,12604.9,20527.051434759498
2026-03-23,VISTA RICA ORIGIN,259473338.93,12640.55,20527.060842289302
2026-03-24,VISTA RICA ORIGIN,258736247.52,12604.64,20527.063646403232
2026-03-25,VISTA RICA ORIGIN,263805784.97,12845.77,20536.393300674074
2026-03-26,VISTA RICA ORIGIN,256791805.54,12504.23,20536.39492715665
2026-03-27,VISTA RICA ORIGIN,273518975.86,12746.88,21457.719525091634
2026-03-28,VISTA RICA ORIGIN,273584910.46,12749.95,21457.724184016406
2026-03-29,VISTA RICA ORIGIN,273516122.05,12746.74,21457.731314045788
2026-03-30,VISTA RICA ORIGIN,273650544.0,12747.18,21467.53587852372
2026-03-31,VISTA RICA ORIGIN,282254967.34,13147.99,21467.537421309262
2026-04-01,VISTA RICA ORIGIN,283352535.14,13199.12,21467.532315790748
2026-04-02,VISTA RICA ORIGIN,280198702.12,13052.21,21467.529416091224
2026-04-03,VISTA RICA ORIGIN,282431603.3,13046.75,21647.659631709048
2026-04-04,VISTA RICA ORIGIN,281156113.54,12987.83,21647.658888359336
2026-04-05,VISTA RICA ORIGIN,280676325.75,12965.67,21647.6530522526
2026-04-06,VISTA RICA ORIGIN,280424530.18,12952.88,21649.589140021373
2026-04-07,VISTA RICA ORIGIN,281084388.87,12983.36,21649.587538972963
2026-04-08,VISTA RICA ORIGIN,282829444.44,13063.97,21649.578530875377
2026-04-09,VISTA RICA ORIGIN,284075831.71,13121.08,21650.339126809682
2026-04-10,VISTA RICA ORIGIN,284877801.2,13158.12,21650.342237340894
2026-04-11,VISTA RICA ORIGIN,284869401.88,13157.73,21650.345605206978
2026-04-12,VISTA RICA ORIGIN,284846518.51,13156.67,21650.35062139584
2026-04-13,VISTA RICA ORIGIN,286274854.01,13222.65,21650.338926765813
2026-04-14,VISTA RICA ORIGIN,289649900.64,13376.64,21653.412264963397
2026-04-15,VISTA RICA ORIGIN,288294206.79,13314.03,21653.41423971555
2026-04-16,VISTA RICA ORIGIN,287846936.3,13293.38,21653.404649532327
2026-04-17,VISTA RICA ORIGIN,290952895.92,13436.82,21653.40429655231
2026-04-18,VISTA RICA ORIGIN,290943686.57,13436.39,21653.41185913776
2026-04-19,VISTA RICA ORIGIN,290994361.49,13438.73,21653.41230086474
2026-04-20,VISTA RICA ORIGIN,289495574.42,13367.67,21656.397443982387
2026-04-21,VISTA RICA ORIGIN,282709483.06,13054.31,21656.40949694009
2026-04-22,VISTA RICA ORIGIN,287029332.38,13253.79,21656.39657637551
2026-04-23,VISTA RICA ORIGIN,284649370.37,13143.89,21656.4023565322
2026-04-24,VISTA RICA ORIGIN,286572300.79,13186.51,21732.232470153212
2026-04-25,VISTA RICA ORIGIN,286563522.86,13186.1,21732.242502332003
2026-04-26,VISTA RICA ORIGIN,286614583.32,13188.45,21732.24172059643
2026-04-27,VISTA RICA ORIGIN,284414928.42,13085.86,21734.52325028695
2026-04-28,VISTA RICA ORIGIN,280207781.26,12892.29,21734.52359976389
2026-04-29,VISTA RICA ORIGIN,278012322.11,12780.47,21752.902836124184
2026-04-30,VISTA RICA ORIGIN,281909293.21,12959.62,21752.89809500587
2026-05-01,VISTA RICA ORIGIN,282030518.67,12965.19,21752.902862973857
2026-05-02,VISTA RICA ORIGIN,281935516.51,12960.82,21752.907339967685
2026-05-03,VISTA RICA ORIGIN,281855379.35,12957.14,21752.900667122532
2026-05-04,VISTA RICA ORIGIN,277985124.14,12723.37,21848.387977399067
2026-05-05,VISTA RICA ORIGIN,281280345.67,12825.67,21931.044980106304
2026-05-06,VISTA RICA ORIGIN,287896307.61,13127.34,21931.046777945874
2026-05-07,VISTA RICA ORIGIN,287980250.12,13131.17,21931.04271135017
2026-05-08,VISTA RICA ORIGIN,290795471.12,13259.54,21931.037661940005
2026-05-09,VISTA RICA ORIGIN,290788619.54,13259.22,21931.050208081626
2026-05-10,VISTA RICA ORIGIN,290764432.37,13258.12,21931.04545516257
2026-05-11,VISTA RICA ORIGIN,294513799.19,13375.56,22018.801395231305
2026-05-12,VISTA RICA ORIGIN,295577419.11,13423.87,22018.793321895995
2026-05-13,VISTA RICA ORIGIN,295911889.01,13439.06,22018.793651490505
2026-05-14,VISTA RICA ORIGIN,293166720.01,13314.38,22018.803730252555
2026-05-15,VISTA RICA ORIGIN,287164109.19,13041.77,22018.79876657846
2026-05-16,VISTA RICA ORIGIN,287140687.4,13040.71,22018.792489059262
2026-05-17,VISTA RICA ORIGIN,287134480.07,13040.42,22018.80614811486
2026-05-18,VISTA RICA ORIGIN,287168370.51,13041.05,22020.341192618693
2026-05-19,VISTA RICA ORIGIN,281693780.42,12792.44,22020.332354109145
2026-05-20,VISTA RICA ORIGIN,285662890.1,12972.69,22020.328096948284
2026-05-21,VISTA RICA ORIGIN,297571467.31,12977.62,22929.587035989647
2026-05-22,VISTA RICA ORIGIN,296212732.88,12918.36,22929.59267894686
2026-05-23,VISTA RICA ORIGIN,296031356.05,12910.45,22929.59238833658
2026-05-24,VISTA RICA ORIGIN,295950653.79,12906.93,22929.59315576981
2026-05-25,VISTA RICA ORIGIN,295894466.0,12882.67,22968.411517177727
2026-05-26,VISTA RICA ORIGIN,323158375.99,12981.24,24894.260948106654
2026-05-27,VISTA RICA ORIGIN,321978456.28,12933.84,24894.266225653013
2026-05-28,VISTA RICA ORIGIN,325249157.37,13065.23,24894.25424351504
2026-05-29,VISTA RICA ORIGIN,325538776.7,13072.84,24901.917005027215
2026-05-30,VISTA RICA ORIGIN,325464547.81,13069.86,24901.91538470955
2026-05-31,VISTA RICA ORIGIN,325452800.88,13069.39,24901.912092301172
2026-06-01,VISTA RICA ORIGIN,324218139.77,13019.81,24901.910225264422
2026-06-02,VISTA RICA ORIGIN,326896631.6,13127.37,24901.91345258037
2026-06-03,VISTA RICA ORIGIN,323496387.71,12967.25,24947.18523279801
2026-06-04,VISTA RICA ORIGIN,325486503.23,13043.02,24954.841994415405
2026-06-05,VISTA RICA ORIGIN,311060317.93,12464.93,24954.838729940722
2026-06-06,VISTA RICA ORIGIN,311050334.51,12464.53,24954.838610842122
2026-06-07,VISTA RICA ORIGIN,311056763.2,12464.78,24954.853852213997
2026-06-08,VISTA RICA ORIGIN,314682136.85,12610.06,24954.848497945295
2026-06-09,VISTA RICA ORIGIN,309797608.03,12414.33,24954.839127846608
2026-06-10,VISTA RICA ORIGIN,302824878.36,12074.4,25079.911081295966
2026-06-11,VISTA RICA ORIGIN,312834434.76,12473.51,25079.904113597535
2026-06-12,VISTA RICA ORIGIN,314600331.81,12543.92,25079.905787823904
2026-06-13,VISTA RICA ORIGIN,314586853.14,12543.38,25079.910928314377
2026-06-14,VISTA RICA ORIGIN,314573376.38,12542.85,25079.896226136803
2026-06-15,VISTA RICA ORIGIN,321405824.1,12815.27,25079.910458382852
2026-06-16,VISTA RICA ORIGIN,322742548.39,12868.57,25079.907743440024
2026-06-17,VISTA RICA ORIGIN,314799915.59,12551.88,25079.901623501817
2026-06-18,VISTA RICA ORIGIN,314500839.08,12539.95,25079.91172851566
2026-06-19,VISTA RICA ORIGIN,316624219.98,12624.62,25079.901017218737
2026-06-20,VISTA RICA ORIGIN,316610415.39,12624.07,25079.90017403262
2026-06-21,VISTA RICA ORIGIN,316596612.71,12623.52,25079.899482077897
2026-06-22,VISTA RICA ORIGIN,314111974.31,12524.45,25079.901657158596
2026-06-23,VISTA RICA ORIGIN,306537472.63,12222.43,25079.91231121798
2026-06-24,VISTA RICA ORIGIN,298004449.0,11882.2,25079.905152244533
2026-06-25,VISTA RICA ORIGIN,300382150.97,11977.01,25079.894812645227
2026-06-26,VISTA RICA ORIGIN,302300487.45,12053.49,25079.91357274947
2026-06-27,VISTA RICA ORIGIN,302287084.91,12052.96,25079.904430944767
2026-06-28,VISTA RICA ORIGIN,302273684.25,12052.43,25079.895444321188
2026-06-29,VISTA RICA ORIGIN,299227010.18,11930.95,25079.89809528998
2026-06-30,VISTA RICA ORIGIN,304094044.37,11978.63,25386.379274591505
2026-07-01,VISTA RICA ORIGIN,333143947.36,11949.3,27879.787716435276
2026-07-02,VISTA RICA ORIGIN,338731792.81,12149.73,27879.77945271212
2026-07-03,VISTA RICA ORIGIN,337339491.61,12099.79,27879.780691235137
2026-07-04,VISTA RICA ORIGIN,337325012.66,12099.27,27879.78222322504
2026-07-05,VISTA RICA ORIGIN,337310535.7,12098.75,27879.783919826426
2026-07-06,VISTA RICA ORIGIN,341375537.18,12244.56,27879.771684731833
2026-07-07,VISTA RICA ORIGIN,335417596.28,12030.86,27879.768884352405
2026-07-08,VISTA RICA ORIGIN,332237802.33,11916.8,27879.783358787594
2026-07-09,VISTA RICA ORIGIN,336556014.45,12058.39,27910.526566979504
2026-07-10,VISTA RICA ORIGIN,338455760.1,12054.8,28076.430973554106
2026-07-11,VISTA RICA ORIGIN,338449011.29,12054.56,28076.43010528796
2026-07-12,VISTA RICA ORIGIN,338442265.67,12054.32,28076.429501622657
2026-07-13,VISTA RICA ORIGIN,332585753.83,11845.37,28077.27861856573
2026-07-14,VISTA RICA ORIGIN,338698683.84,12063.09,28077.274051673325
2026-07-15,VISTA RICA ORIGIN,336104932.63,11970.71,28077.276337827916
2026-07-16,VISTA RICA ORIGIN,329285661.38,11727.84,28077.264132184613
2026-07-17,VISTA RICA ORIGIN,330508410.73,11771.39,28077.26281518156
2026-07-18,VISTA RICA ORIGIN,330502221.78,11771.17,28077.261799804095
2026-07-19,VISTA RICA ORIGIN,330496035.98,11770.95,28077.26105199665
2026-07-20,VISTA RICA ORIGIN,330518916.35,11771.76,28077.272757004903
2026-07-21,VISTA RICA ORIGIN,338643793.55,12061.14,28077.262476847132
2026-07-22,VISTA RICA ORIGIN,342503808.44,12198.62,28077.258611219957
2026-07-23,VISTA RICA ORIGIN,336509702.08,11985.13,28077.267587418744
2026-07-24,VISTA RICA ORIGIN,337706206.79,12027.74,28077.278590159083
2026-07-25,VISTA RICA ORIGIN,337699550.57,12027.51,28077.262090823453
2026-07-26,VISTA RICA ORIGIN,337692897.57,12027.27,28077.269203235646
2026-07-27,VISTA RICA ORIGIN,338674316.14,12062.22,28077.278986786845
2026-07-28,VISTA RICA ORIGIN,335546101.17,11950.81,28077.26850062883
2026-07-29,VISTA RICA ORIGIN,364423630.22,11933.88,30536.894138369084
2026-07-30,VISTA RICA ORIGIN,369616613.97,12102.01,30541.754135883213
2026-07-31,VISTA RICA ORIGIN,364661558.63,11936.5,30550.124293553385
2026-08-01,VISTA RICA ORIGIN,364653225.8,11936.22,30550.14282578572
2026-08-02,VISTA RICA ORIGIN,364644896.25,11935.95,30550.13603860606
2026-08-03,VISTA RICA ORIGIN,364505682.21,11931.23,30550.553648701767
2026-08-04,VISTA RICA ORIGIN,370698918.48,12133.95,30550.555959106474
2026-08-05,VISTA RICA ORIGIN,380753912.56,12456.53,30566.611452788216
2026-08-06,VISTA RICA ORIGIN,380269098.18,12424.31,30606.858504013504
2026-08-07,VISTA RICA ORIGIN,387566903.17,12662.42,30607.648709330446
2026-08-08,VISTA RICA ORIGIN,387558005.52,12662.13,30607.64701673415
2026-08-09,VISTA RICA ORIGIN,387549111.21,12661.84,30607.64558784505
2026-08-10,VISTA RICA ORIGIN,390988556.68,12774.21,30607.65062418733
2026-08-11,VISTA RICA ORIGIN,389237151.28,12716.99,30607.647822322735
2026-08-12,VISTA RICA ORIGIN,391418449.99,12788.23,30607.711152364325
2026-08-13,VISTA RICA ORIGIN,386236538.5,12618.93,30607.70909260928
2026-08-14,VISTA RICA ORIGIN,387449768.91,12658.56,30607.728597091616
2026-08-15,VISTA RICA ORIGIN,387440898.07,12658.27,30607.729023792348
2026-08-16,VISTA RICA ORIGIN,387432030.56,12657.98,30607.729713587793
2026-08-17,VISTA RICA ORIGIN,390176061.5,12747.64,30607.70946622277
2026-08-18,VISTA RICA ORIGIN,384506684.83,12562.41,30607.716579064047
2026-08-19,VISTA RICA ORIGIN,395116556.04,12909.05,30607.717534597825
2026-08-20,VISTA RICA ORIGIN,396060877.62,12939.9,30607.723214244314
2026-08-21,VISTA RICA ORIGIN,403125995.67,13170.73,30607.718453722766
2026-08-22,VISTA RICA ORIGIN,403116076.22,13170.41,30607.708964261554
2026-08-23,VISTA RICA ORIGIN,403106160.16,13170.08,30607.722972070027
2026-08-24,VISTA RICA ORIGIN,404454139.16,13214.12,30607.724098161663
2026-08-25,VISTA RICA ORIGIN,407128109.99,13301.48,30607.730116498315
2026-08-26,VISTA RICA ORIGIN,402802583.28,13160.16,30607.726903016373
2026-08-27,VISTA RICA ORIGIN,405078573.94,13234.52,30607.726909627247
2026-08-28,VISTA RICA ORIGIN,396488234.34,12953.86,30607.728842213823
2026-08-29,VISTA RICA ORIGIN,396478776.71,12953.56,30607.707588493045
2026-08-30,VISTA RICA ORIGIN,396469322.47,12953.25,30607.710224847047
2026-08-31,VISTA RICA ORIGIN,396999545.73,12967.14,30615.813952035685
2026-09-01,VISTA RICA ORIGIN,387448242.05,12655.0,30616.21825760569
2026-09-02,VISTA RICA ORIGIN,392596976.71,12823.17,30616.218665899305
2026-09-03,VISTA RICA ORIGIN,398048492.12,12994.7,30631.603047396246
2026-09-04,VISTA RICA ORIGIN,394530127.66,12879.84,30631.601608405075
2026-09-05,VISTA RICA ORIGIN,394518841.97,12879.47,30631.605335468
2026-09-06,VISTA RICA ORIGIN,394507559.78,12879.1,30631.609334503184
2026-09-07,VISTA RICA ORIGIN,394944967.95,12891.42,30636.265667397383
2026-09-08,VISTA RICA ORIGIN,392938471.44,12824.3,30640.14967210686
2026-09-09,VISTA RICA ORIGIN,396005073.32,12924.38,30640.1601717065
2026-09-10,VISTA RICA ORIGIN,386583603.27,12616.89,30640.16594184462
2026-09-11,VISTA RICA ORIGIN,388896711.19,12692.39,30640.1482455235
2026-09-12,VISTA RICA ORIGIN,388885809.88,12692.03,30640.15842067817
2026-09-13,VISTA RICA ORIGIN,388874912.05,12691.68,30640.144728672643
2026-09-14,VISTA RICA ORIGIN,384446226.46,12547.14,30640.147990697482
2026-09-15,VISTA RICA ORIGIN,385810764.99,12591.67,30640.158532585432
2026-09-16,VISTA RICA ORIGIN,383679286.71,12522.11,30640.146645413588
2026-09-17,VISTA RICA ORIGIN,391793037.17,12786.91,30640.165385538807
2026-09-18,VISTA RICA ORIGIN,393542618.82,12842.38,30644.0565393642
2026-09-19,VISTA RICA ORIGIN,393531429.55,12842.02,30644.04428197433
2026-09-20,VISTA RICA ORIGIN,393520243.79,12841.65,30644.056160228633
2026-09-21,VISTA RICA ORIGIN,392270451.48,12800.87,30644.046184360905
2026-09-22,VISTA RICA ORIGIN,395693925.0,12912.59,30644.04004154085
2026-09-23,VISTA RICA ORIGIN,385418280.12,12711.83,30319.653434635296
2026-09-24,VISTA RICA ORIGIN,385100850.67,12699.21,30324.78797263767
2026-09-25,VISTA RICA ORIGIN,386991339.23,12761.55,30324.791207180948
2026-09-26,VISTA RICA ORIGIN,386980607.9,12761.2,30324.781987587372
2026-09-27,VISTA RICA ORIGIN,386969880.02,12760.84,30324.79680177794
2026-09-28,VISTA RICA ORIGIN,375747068.32,12390.76,30324.77978106266
2026-09-29,VISTA RICA ORIGIN,379396677.52,12510.45,30326.381346794078
2026-09-30,VISTA RICA ORIGIN,377900888.32,12454.53,30342.444742595664
2026-10-01,VISTA RICA ORIGIN,378661701.21,12479.44,30342.84400662209
2026-10-02,VISTA RICA ORIGIN,380445948.52,12534.95,30350.81500285202
2026-10-03,VISTA RICA ORIGIN,380435171.18,12534.59,30350.826886240397
2026-10-04,VISTA RICA ORIGIN,380424397.3,12534.24,30350.814832012155
2026-10-05,VISTA RICA ORIGIN,382479635.79,12598.33,30359.55049518468
2026-10-06,VISTA RICA ORIGIN,383062908.56,12617.54,30359.555710542623
